Profil;Sexe;Diplome;Plateformes_utilisees;ADT_1;ADT_2;ADT_3;ADT_4;INT_1;INT_2;INT_3;INT_4;SAT_1;SAT_2;SAT_3;SAT_4;FOR_1;FOR_2;FOR_3;FOR_4;RE_1;RE_2;RE_3;RE_4;PE_1;PE_2;PE_3;PE_4;EE_1;EE_2;EE_3;EE_4;FC_1;FC_2;FC_3;FC_4;SI_1;SI_2;SI_3;SI_4
Fonctionnaires ADII;F;Bac+3;['Bureau Ordre Digital', 'Diwanati', 'Bayyan lya'];5;4;1;4;3;5;3;4;4;5;5;4;3;1;3;4;5;2;1;5;4;3;1;5;1;5;3;4;5;4;3;4;2;2;1;5
Fonctionnaires ADII;F;Bac+5;['BADR'];2;4;5;5;5;1;1;4;2;3;4;2;2;5;4;4;3;2;4;1;3;3;3;4;1;1;4;4;5;5;3;1;4;3;3;1
Fonctionnaires ADII;M;Bac+2;['Diwanati'];5;4;1;2;4;1;4;5;1;1;1;2;4;5;5;1;4;5;2;3;1;2;3;2;3;2;3;2;5;2;5;2;3;3;4;2
Fonctionnaires ADII;M;Bac+3;['Autre', 'ADIL', 'SAMID'];3;1;3;3;4;1;2;1;5;2;5;4;5;4;2;1;3;5;3;1;3;1;4;5;5;5;2;3;1;3;3;5;2;1;1;1
Fonctionnaires ADII;M;Bac+2;['SMCHI', 'SAMID', 'ADIL'];2;1;2;3;3;2;1;4;4;5;3;5;5;2;2;1;1;2;3;5;3;5;4;5;3;2;4;1;5;3;1;3;5;1;1;4
Fonctionnaires ADII;F;Bac+3;['SAAD', 'Diwanati'];1;3;1;3;4;2;3;4;2;3;5;1;4;3;1;2;4;3;3;5;1;3;4;5;1;4;3;3;5;3;1;1;1;1;2;4
Fonctionnaires ADII;M;Bac+5;['SMCHI', 'Diwanati', 'SAAD'];5;3;4;5;1;2;3;2;5;5;1;3;2;1;2;2;2;5;5;1;4;5;5;4;2;2;3;2;3;3;4;2;1;1;2;2
Fonctionnaires ADII;F;Bac+3;['Autre'];2;1;5;5;3;2;4;4;1;2;4;4;3;3;5;3;4;3;4;1;4;3;3;4;2;5;2;1;1;3;4;1;1;1;4;2
Fonctionnaires ADII;F;Bac+2;['SMCHI'];5;2;2;4;4;5;1;1;1;3;2;3;3;3;4;4;1;4;2;3;4;1;3;4;1;4;5;5;1;5;3;1;1;4;3;4
Fonctionnaires ADII;F;Bac+2;['SMCHI'];3;3;5;2;3;1;1;1;5;1;4;1;3;4;4;2;4;1;2;4;1;4;4;5;4;4;3;1;3;2;2;1;5;4;2;4
Fonctionnaires ADII;F;Bac;['BADR', 'SAAD', 'Bureau Ordre Digital'];3;2;1;1;5;5;2;4;2;3;5;3;3;4;5;2;3;2;1;3;4;2;4;3;1;3;5;3;1;3;5;5;2;4;2;3
Fonctionnaires ADII;F;Bac+3;['Autre'];2;1;4;3;5;2;1;2;2;1;5;2;5;3;4;2;2;2;1;3;1;2;3;5;3;4;3;1;3;4;1;5;2;3;4;5
Fonctionnaires ADII;M;Bac+2;['BADR', 'Bayyan lya'];1;1;1;3;1;4;2;2;2;5;3;4;4;4;5;2;2;3;5;5;5;1;4;3;5;2;1;5;3;4;1;2;2;3;5;4
Fonctionnaires ADII;M;Bac+3;['SAAD', 'ADIL', 'RIAD'];2;1;3;4;2;2;3;5;1;4;2;4;1;4;2;5;5;2;3;3;4;2;2;2;2;3;5;2;4;3;5;2;2;5;1;2
Fonctionnaires ADII;M;Bac+5;['SAMID'];3;4;1;2;3;3;3;3;2;1;4;2;1;1;1;3;1;1;1;4;4;4;2;5;3;5;3;1;4;5;5;2;1;1;1;2
Fonctionnaires ADII;M;Bac+2;['SMCHI', 'Autre'];5;1;1;2;5;4;3;1;1;2;3;1;1;3;3;4;4;5;2;2;5;2;2;2;4;2;1;4;5;1;4;1;1;3;5;3
Fonctionnaires ADII;F;Bac+5;['Bureau Ordre Digital', 'RIAD'];1;1;5;3;1;2;4;4;3;2;5;2;1;3;4;1;4;5;5;2;5;3;4;3;4;3;5;3;5;1;3;4;5;4;3;3
Fonctionnaires ADII;M;Bac;['RIAD', 'SAMID', 'SMCHI'];1;1;4;2;3;3;1;1;2;4;3;2;4;1;5;1;5;5;2;3;5;4;3;4;3;3;3;4;2;3;1;4;3;2;5;2
Fonctionnaires ADII;F;Bac;['ADIL'];5;1;3;3;4;3;1;4;4;2;4;5;5;1;1;3;1;2;1;2;5;3;3;5;5;4;1;2;1;4;1;5;2;1;1;4
Fonctionnaires ADII;M;Bac;['Bureau Ordre Digital', 'SMCHI', 'RIAD'];5;4;3;5;1;3;1;5;1;1;5;4;5;5;1;1;4;5;2;3;3;1;5;3;2;5;2;4;1;5;5;4;4;1;4;5
Fonctionnaires ADII;M;Bac+5;['Bureau Ordre Digital'];1;5;1;5;5;3;2;3;2;1;1;3;4;4;1;4;3;3;3;3;2;5;3;5;1;4;4;3;2;5;2;2;1;5;2;2
Fonctionnaires ADII;M;Doctorat;['BADR', 'Autre'];5;5;3;1;1;2;3;4;1;2;5;2;2;3;5;4;3;3;3;2;4;3;4;3;3;3;4;3;3;5;2;1;4;2;3;2
Fonctionnaires ADII;F;Bac+3;['RIAD', 'Diwanati'];3;2;4;4;3;2;4;5;1;2;1;2;4;3;2;1;3;2;1;5;5;3;4;2;3;5;1;3;2;1;3;3;1;5;4;3
Fonctionnaires ADII;M;Bac+3;['SAAD', 'RIAD'];4;4;5;2;4;4;2;2;5;3;3;1;4;2;4;5;3;4;5;3;4;1;3;5;5;4;3;3;1;2;3;1;5;4;1;4
Fonctionnaires ADII;F;Bac+3;['Diwanati', 'BADR'];3;5;5;3;3;1;3;1;2;1;2;4;5;3;5;1;2;4;3;5;3;5;1;1;2;5;4;3;1;5;2;1;1;5;2;2
Fonctionnaires ADII;F;Bac+5;['SAAD'];3;2;5;2;5;2;1;2;2;5;4;4;4;4;1;1;1;4;1;4;4;1;1;3;2;3;2;5;5;4;1;1;3;3;4;2
Fonctionnaires ADII;M;Bac+3;['BADR'];2;5;4;3;4;3;2;3;4;2;3;2;3;3;2;4;5;3;2;3;1;2;2;1;4;2;1;4;3;3;3;4;5;2;5;3
Fonctionnaires ADII;M;Bac+5;['SAAD'];4;5;5;4;1;3;4;3;2;5;3;1;3;1;4;4;1;2;1;5;1;5;3;3;3;1;2;4;2;1;3;1;4;3;2;1
Fonctionnaires ADII;M;Bac+5;['RIAD'];1;5;3;3;2;4;4;4;3;2;4;4;5;3;5;5;1;2;3;2;1;5;1;5;3;1;2;2;2;1;2;2;3;2;1;1
Fonctionnaires ADII;F;Bac;['Diwanati', 'Bayyan lya'];4;1;5;4;3;1;4;4;2;1;1;4;1;2;2;1;4;4;4;4;1;2;3;4;5;1;5;2;2;5;1;5;3;2;1;2
Entreprises;M;Doctorat;['Bureau Ordre Digital', 'Bayyan lya', 'Autre'];2;4;1;1;3;2;1;5;5;5;2;2;3;2;4;3;2;4;4;3;1;4;5;3;5;1;3;4;1;5;2;5;1;2;1;1
Entreprises;F;Bac+3;['SMCHI', 'Autre', 'Bayyan lya'];3;5;1;5;1;4;2;3;2;3;4;3;4;2;4;3;2;3;5;1;3;4;5;3;4;5;2;4;4;3;3;2;1;2;4;3
Entreprises;M;Bac+5;['BADR', 'SAAD'];1;3;1;5;1;5;4;4;2;2;5;2;1;2;1;5;2;5;5;3;4;5;1;4;3;2;5;4;2;4;1;4;5;5;5;4
Entreprises;M;Bac+5;['BADR'];4;1;4;5;2;3;3;3;4;1;3;1;2;5;4;3;2;1;3;3;2;1;3;4;1;5;2;4;4;1;2;2;1;4;4;1
Entreprises;M;Bac+2;['Bureau Ordre Digital'];4;1;4;4;5;3;4;3;2;4;2;1;1;5;4;1;2;5;4;3;4;2;5;4;3;4;4;1;3;4;5;1;3;1;4;4
Entreprises;F;Bac;['Autre'];3;4;3;4;5;2;2;1;2;1;5;5;2;2;3;2;2;4;3;5;5;3;1;4;5;3;2;1;3;2;5;2;3;2;4;5
Entreprises;M;Bac+5;['RIAD', 'Bureau Ordre Digital'];1;1;1;2;4;1;3;1;5;4;1;2;3;4;4;2;2;4;3;2;2;1;5;2;4;2;3;1;4;2;4;4;1;1;3;5
Entreprises;M;Bac+2;['RIAD'];2;3;3;2;5;3;1;3;2;2;1;5;5;2;4;4;2;5;5;2;3;3;3;5;1;3;3;1;2;1;1;3;4;1;3;2
Entreprises;F;Doctorat;['BADR', 'Autre'];1;1;2;2;2;2;3;3;3;2;3;2;2;4;2;3;2;5;1;5;1;3;3;5;5;5;2;5;1;3;1;4;2;4;2;3
Entreprises;M;Bac+3;['Diwanati'];2;2;2;1;3;5;4;1;4;3;1;1;5;5;4;1;5;2;4;1;5;3;5;5;1;1;3;2;3;5;4;3;1;2;3;1
Entreprises;F;Bac+3;['Bayyan lya', 'ADIL'];1;3;1;3;2;1;2;4;3;5;5;5;2;3;2;3;2;3;4;1;1;4;5;4;4;2;3;2;4;1;5;5;2;1;3;5
Entreprises;F;Doctorat;['Diwanati'];5;5;3;1;3;1;5;3;1;5;3;4;2;5;5;2;3;1;3;2;1;4;3;5;5;5;2;5;2;3;1;5;2;5;4;5
Entreprises;F;Bac+3;['ADIL'];1;5;1;5;5;5;5;2;3;1;3;5;4;4;5;5;5;5;1;1;1;3;3;4;2;5;5;1;3;1;3;1;1;1;1;1
Entreprises;F;Doctorat;['Bayyan lya'];5;4;4;2;4;3;2;3;5;5;5;2;4;2;5;4;5;4;1;1;5;3;4;4;4;4;4;5;4;3;5;2;3;2;5;5
Entreprises;F;Bac+5;['SAMID', 'SAAD', 'Autre'];3;2;1;3;1;3;2;4;1;1;5;5;2;3;2;3;1;5;5;3;3;3;4;3;5;1;2;3;1;2;3;4;4;5;3;1
Entreprises;M;Bac+5;['BADR', 'SAMID', 'SAAD'];2;2;5;4;1;1;2;5;2;4;5;3;1;3;3;4;2;4;5;5;1;5;2;3;4;4;4;1;3;1;1;1;5;2;3;1
Entreprises;M;Bac+3;['SMCHI'];5;3;5;1;1;3;2;2;5;3;5;2;5;4;5;5;1;3;2;5;3;5;5;4;5;4;1;5;2;5;1;4;3;3;1;5
Entreprises;F;Bac+2;['RIAD'];4;1;4;5;5;2;3;3;1;2;3;4;4;4;4;3;3;5;3;1;3;1;5;4;3;3;4;1;4;3;2;5;2;1;3;4
Entreprises;M;Bac+2;['SAAD', 'SAMID'];5;3;3;2;4;4;2;3;1;2;2;5;2;2;2;5;1;1;5;1;4;5;2;2;4;2;3;1;2;5;1;1;5;5;3;4
Entreprises;M;Bac+2;['SAAD', 'SMCHI', 'Autre'];5;5;4;4;5;3;1;5;5;1;2;3;1;1;5;1;5;3;2;1;4;2;2;1;3;2;2;3;2;5;2;1;1;4;5;2
Entreprises;M;Doctorat;['SAMID', 'Diwanati'];5;2;5;1;1;2;2;3;2;3;3;4;1;5;5;2;3;4;1;5;2;2;5;2;1;5;4;4;3;3;3;3;2;5;2;1
Entreprises;M;Bac+3;['RIAD'];5;1;3;1;2;3;5;3;3;1;2;5;4;5;4;1;5;4;5;4;4;1;5;3;3;5;1;5;3;2;4;5;5;1;3;2
Entreprises;M;Bac+3;['SAAD', 'SMCHI'];3;5;3;2;1;1;4;1;5;2;2;4;2;5;3;5;2;5;4;4;5;3;3;4;5;1;4;5;4;4;4;2;3;4;3;5
Entreprises;M;Bac+5;['SAAD', 'BADR', 'Bureau Ordre Digital'];3;5;4;4;3;5;5;5;2;1;4;2;4;5;5;3;4;1;3;5;2;5;2;5;3;4;1;3;3;1;1;3;3;3;4;3
Entreprises;M;Bac+2;['SAMID', 'Bureau Ordre Digital'];2;3;5;1;4;1;2;1;5;1;5;4;4;5;4;5;1;5;4;4;2;4;1;1;5;1;3;1;5;2;4;3;2;5;3;4
Entreprises;M;Bac+3;['Bureau Ordre Digital', 'SAAD'];5;5;5;3;3;2;1;4;3;3;1;3;4;3;3;2;3;2;1;2;5;2;3;1;4;3;2;2;5;2;1;3;1;2;2;5
Entreprises;M;Bac+3;['RIAD', 'Diwanati', 'SAAD'];3;4;2;2;1;3;3;2;3;5;3;1;5;2;3;1;4;1;2;3;3;2;3;3;4;3;1;4;3;5;4;1;2;2;2;3
Entreprises;M;Bac;['Bureau Ordre Digital', 'BADR'];2;4;5;3;1;2;4;5;4;3;5;1;1;5;4;2;2;3;3;4;1;1;2;2;5;5;5;5;1;5;2;2;5;5;2;3
Entreprises;M;Bac+3;['SMCHI'];4;3;5;5;3;1;2;2;2;4;3;2;2;5;4;5;5;3;2;4;1;3;3;1;1;5;1;3;4;4;1;5;2;3;4;3
Entreprises;M;Bac;['RIAD', 'SAMID'];3;5;1;2;2;5;3;4;5;2;2;1;5;5;3;4;2;3;5;1;1;1;1;2;2;1;1;1;3;5;3;5;2;3;5;2
Transitaires;F;Bac+5;['SMCHI', 'SAMID', 'Autre'];5;2;4;2;3;1;2;1;5;5;3;1;5;1;1;2;1;4;1;3;3;4;1;2;1;5;4;4;1;3;4;5;3;3;3;5
Transitaires;F;Bac+2;['Bayyan lya', 'Diwanati'];2;2;3;2;5;1;2;2;2;3;3;2;2;4;1;4;1;5;4;1;3;5;1;2;5;2;2;2;4;4;3;2;1;4;4;1
Transitaires;M;Bac+3;['SMCHI'];4;5;4;5;4;2;4;4;5;3;4;4;5;1;1;2;1;4;5;5;2;1;1;5;1;4;3;2;4;5;2;5;2;4;3;3
Transitaires;M;Bac+5;['SAMID'];3;3;4;3;2;3;5;5;3;1;4;5;2;3;2;5;3;3;1;1;4;3;1;3;5;4;4;3;2;5;5;5;1;5;2;4
Transitaires;F;Sans Bac;['Bayyan lya', 'Autre', 'SMCHI'];3;1;1;3;4;4;2;1;1;4;5;2;3;3;2;5;2;3;5;4;3;5;2;5;5;5;1;4;5;4;1;1;2;5;2;1
Transitaires;M;Bac+3;['SAMID'];3;3;3;1;2;5;2;5;2;4;1;1;2;3;1;1;3;3;2;3;1;2;4;4;4;1;5;3;2;3;5;4;1;4;2;5
Transitaires;M;Bac+5;['BADR', 'Diwanati', 'SMCHI'];1;5;4;2;2;4;5;4;5;1;5;3;1;4;3;2;2;3;3;3;3;5;1;4;2;2;4;1;5;4;3;5;2;3;4;5
Transitaires;F;Bac+2;['Bayyan lya'];5;2;2;3;5;1;1;3;1;1;2;4;3;3;4;1;4;5;1;1;5;4;4;4;1;4;3;2;2;4;2;4;4;2;5;4
Transitaires;F;Bac+5;['Bureau Ordre Digital', 'BADR', 'Bayyan lya'];5;1;1;5;4;1;2;2;1;3;1;4;2;5;4;2;5;1;3;3;5;4;4;2;1;1;1;5;1;3;3;5;1;1;3;5
Transitaires;M;Bac+5;['Autre', 'SMCHI'];5;1;3;3;5;3;3;2;3;4;3;1;3;1;3;1;5;3;2;2;4;2;3;3;5;3;4;1;5;2;4;1;1;2;4;1
Transitaires;F;Bac+2;['SMCHI'];4;2;3;1;3;2;4;2;3;1;3;4;4;1;2;1;5;5;4;4;4;2;5;2;5;4;3;5;2;3;3;3;5;1;3;5
Transitaires;F;Bac+2;['ADIL', 'Autre'];3;2;1;2;3;3;2;3;4;2;4;4;1;4;3;4;2;3;1;3;2;5;1;3;2;2;5;4;5;3;1;2;3;2;5;1
Transitaires;M;Bac+5;['Bureau Ordre Digital'];4;2;1;1;3;1;5;4;5;2;2;2;4;2;5;4;5;1;5;3;1;5;2;3;4;3;5;5;4;1;2;2;5;3;5;5
Transitaires;F;Bac+5;['Bureau Ordre Digital'];5;5;4;5;5;5;1;3;3;3;4;1;5;2;2;5;1;1;2;3;1;2;5;3;2;5;3;4;5;4;3;2;1;1;1;4
Transitaires;M;Bac+3;['BADR', 'Diwanati'];2;3;2;5;3;5;4;4;5;1;2;2;2;5;3;4;5;5;2;1;4;1;3;5;2;1;3;1;5;5;1;3;1;5;1;2
Transitaires;M;Bac+3;['BADR', 'SAAD'];4;2;1;4;1;1;2;3;1;5;2;5;3;3;2;1;4;4;2;5;4;4;5;3;3;1;3;5;3;3;2;1;3;2;5;3
Transitaires;F;Bac+3;['Bureau Ordre Digital'];3;5;5;3;2;5;4;2;3;4;1;5;4;3;5;3;2;3;1;1;2;2;1;4;1;4;3;4;1;5;5;4;5;1;3;5
Transitaires;F;Bac+2;['Autre', 'Bayyan lya'];3;2;5;3;5;2;3;5;3;2;5;5;3;2;5;4;4;2;1;5;1;5;2;3;4;4;1;5;3;2;3;2;5;1;3;3
Transitaires;F;Bac+2;['Bureau Ordre Digital'];1;2;4;2;4;5;4;2;4;4;3;1;4;1;2;4;5;4;5;1;2;3;3;1;5;3;2;3;5;1;3;2;2;3;2;1
Transitaires;M;Bac+5;['BADR'];2;4;4;1;5;3;2;2;1;5;3;3;3;4;2;3;5;1;3;3;3;4;3;3;3;3;1;3;5;1;1;5;5;1;4;1
Transitaires;F;Bac+3;['Bayyan lya', 'SMCHI', 'SAMID'];1;4;1;4;4;5;5;1;2;5;2;1;3;5;5;3;2;1;1;5;2;2;2;1;1;2;4;3;3;2;1;3;4;4;1;5
Transitaires;F;Bac+5;['Diwanati', 'SAAD', 'SAMID'];3;2;5;5;4;2;5;5;2;1;5;2;1;1;2;4;4;2;1;1;1;2;4;2;2;3;5;2;4;3;1;5;3;2;4;2
Transitaires;M;Sans Bac;['SAAD', 'Bureau Ordre Digital', 'SMCHI'];3;4;2;3;5;4;3;1;3;2;3;4;1;5;3;2;5;4;1;5;1;2;5;2;4;1;2;2;1;5;4;3;3;3;5;4
Transitaires;F;Bac+2;['Autre', 'ADIL', 'BADR'];4;5;2;4;3;3;5;5;4;4;2;5;1;3;4;2;4;3;2;2;4;3;1;5;3;2;4;2;5;4;4;4;1;4;3;2
Transitaires;M;Bac+5;['SMCHI'];2;1;4;1;1;4;1;1;1;3;5;4;4;1;5;2;2;4;4;5;4;1;3;3;4;1;5;1;2;1;2;1;4;5;5;3
Transitaires;M;Bac+5;['SMCHI'];3;4;2;2;4;2;4;2;5;3;2;5;2;1;3;4;4;4;4;5;4;2;3;1;4;3;4;3;2;2;2;4;5;1;1;4
Transitaires;M;Bac+3;['Diwanati', 'Bayyan lya', 'SAAD'];1;1;4;2;3;4;3;5;3;2;5;2;4;2;2;2;5;2;2;1;1;3;2;5;5;4;2;3;3;2;5;3;4;4;3;1
Transitaires;M;Bac+5;['SMCHI', 'SAAD'];2;3;4;5;2;4;1;4;3;5;1;3;1;4;2;1;5;4;5;4;3;3;1;3;5;5;4;1;1;2;3;2;2;2;5;2
Transitaires;M;Bac+2;['Autre', 'Diwanati'];2;2;2;2;2;2;1;4;3;4;5;4;1;5;3;5;5;4;1;1;3;1;2;3;1;2;1;4;5;1;5;2;3;1;5;3
Transitaires;M;Doctorat;['Bayyan lya'];2;1;3;5;3;2;4;4;1;2;3;5;5;1;1;5;5;2;2;2;5;1;4;5;2;2;3;2;1;3;1;2;5;2;5;3
Residents marocains;F;Bac+3;['Autre'];1;2;4;2;4;5;2;3;1;4;1;4;1;3;5;1;2;1;1;3;5;2;3;2;5;5;5;2;3;5;4;3;3;2;4;4
Residents marocains;F;Doctorat;['Bayyan lya', 'Diwanati'];2;1;4;3;2;1;3;2;2;1;3;3;5;1;1;4;1;2;4;1;4;5;3;5;3;1;1;2;2;2;1;4;1;5;3;3
Residents marocains;F;Bac+2;['Bayyan lya', 'Bureau Ordre Digital', 'SAAD'];3;1;5;3;1;1;5;2;5;4;1;5;1;4;2;5;2;5;5;3;5;1;2;1;3;3;4;2;3;2;2;5;3;5;5;2
Residents marocains;F;Bac+3;['SAMID', 'SAAD'];2;5;5;1;2;3;3;3;4;1;2;5;3;1;1;3;3;2;3;4;1;2;1;2;1;4;2;5;5;2;3;3;2;3;1;3
Residents marocains;M;Bac+3;['Bureau Ordre Digital', 'Bayyan lya'];2;4;3;1;3;1;1;3;5;1;2;3;4;5;1;1;1;2;5;2;1;2;4;5;3;4;1;1;2;3;2;3;3;4;5;1
Residents marocains;M;Sans Bac;['SAAD', 'SAMID'];4;4;5;1;3;5;3;4;2;4;3;3;2;4;3;1;2;4;1;1;4;1;2;4;3;4;1;2;1;5;5;2;4;1;2;3
Residents marocains;M;Bac+3;['ADIL'];3;3;5;1;1;4;5;2;4;4;1;5;3;5;4;1;1;5;5;2;1;2;1;4;3;1;1;5;2;2;5;1;5;3;1;3
Residents marocains;F;Bac+2;['BADR', 'RIAD'];5;3;1;5;2;3;5;2;4;1;3;3;2;1;2;2;4;4;4;4;5;2;5;5;4;3;1;5;2;4;1;5;5;1;3;4
Residents marocains;M;Bac+2;['Diwanati', 'SAMID', 'RIAD'];5;2;2;3;2;3;1;1;4;1;1;3;2;5;3;1;3;3;1;2;1;2;3;3;3;2;2;4;5;3;4;2;3;4;3;3
Residents marocains;M;Bac+5;['ADIL', 'SMCHI', 'Bureau Ordre Digital'];3;1;5;3;5;5;5;2;5;5;3;4;3;4;3;3;3;2;1;1;5;5;1;1;3;3;1;4;5;1;5;5;2;1;1;1
Residents marocains;M;Sans Bac;['BADR'];5;2;5;4;5;2;5;3;1;5;1;5;5;2;1;2;1;2;2;3;5;3;1;1;5;5;4;3;3;3;3;1;1;4;1;4
Residents marocains;M;Doctorat;['BADR', 'Autre', 'Bayyan lya'];5;1;3;3;4;1;5;4;1;3;2;4;2;3;4;4;1;5;3;3;4;3;4;4;3;5;1;4;5;5;5;3;4;2;3;5
Residents marocains;M;Bac+2;['Autre'];1;4;3;4;4;1;5;3;5;5;5;1;1;3;2;1;3;2;5;5;5;1;5;1;5;2;5;2;5;4;2;3;4;5;4;5
Residents marocains;M;Bac+2;['Diwanati', 'Bayyan lya'];3;5;5;1;3;1;2;2;1;4;2;4;3;2;4;3;4;4;3;4;5;1;1;5;3;1;2;2;3;1;5;3;3;4;5;2
Residents marocains;F;Bac+3;['RIAD'];2;3;1;3;5;4;5;5;1;2;4;3;4;4;3;1;4;4;5;2;3;2;2;4;2;5;2;5;4;4;1;4;1;5;1;1
Residents marocains;F;Bac+5;['BADR', 'Diwanati'];2;1;4;4;5;1;2;2;1;2;5;1;1;5;4;5;1;5;5;5;3;1;4;4;2;1;5;2;5;2;5;4;1;5;3;3
Residents marocains;F;Bac+5;['SAAD', 'ADIL'];1;2;2;1;3;1;1;5;5;5;4;4;4;1;2;3;4;4;5;1;5;4;2;1;5;2;1;3;2;1;1;4;4;3;5;4
Residents marocains;M;Bac+5;['SMCHI'];1;2;2;2;3;1;3;2;5;3;1;1;1;4;3;3;5;4;4;5;5;3;4;3;1;2;3;1;1;5;1;4;5;2;1;1
Residents marocains;F;Bac;['SAAD', 'Bayyan lya'];4;3;5;5;4;4;5;3;4;1;3;4;2;5;5;2;4;2;4;4;1;3;4;3;4;4;1;3;5;3;5;3;4;3;2;2
Residents marocains;M;Bac+3;['RIAD', 'Autre'];2;2;2;2;1;5;3;3;3;4;4;1;1;1;5;4;5;4;5;2;4;1;5;2;4;3;4;5;1;1;2;2;2;3;2;5
Residents marocains;M;Bac+5;['ADIL', 'RIAD'];1;3;3;5;2;1;3;5;4;3;2;2;2;1;4;3;3;4;1;2;4;2;2;3;4;3;2;5;5;2;2;3;5;2;1;5
Residents marocains;F;Bac+3;['BADR'];2;1;1;5;5;5;2;3;1;5;3;4;4;5;3;2;3;5;5;1;4;3;5;3;1;4;1;2;4;4;3;3;5;3;3;4
Residents marocains;F;Doctorat;['RIAD', 'SAAD', 'SAMID'];2;2;4;4;5;5;5;1;3;1;4;2;5;2;2;3;4;4;3;1;2;2;4;3;2;5;1;2;5;3;4;5;1;4;4;4
Residents marocains;M;Bac+3;['BADR', 'SMCHI'];1;4;2;2;4;5;1;2;5;4;2;5;3;2;1;5;5;2;3;1;4;4;2;5;5;4;2;1;5;5;2;5;3;2;2;2
Residents marocains;F;Bac+3;['Autre', 'SAAD'];4;4;5;1;2;3;2;2;1;4;2;2;4;4;1;2;2;3;2;5;4;4;5;1;1;3;1;4;5;5;1;1;4;1;3;5
Residents marocains;M;Bac+5;['RIAD', 'Autre'];4;2;2;5;5;1;1;2;4;1;4;4;4;5;5;5;5;5;3;4;5;5;4;4;2;1;4;2;5;2;4;4;5;3;4;4
Residents marocains;M;Bac+2;['BADR', 'ADIL'];3;4;3;2;3;4;2;5;5;1;5;2;4;3;5;5;2;5;2;5;1;5;4;5;5;3;1;1;1;1;1;1;3;2;5;3
Residents marocains;M;Sans Bac;['Bureau Ordre Digital'];3;3;1;4;1;4;3;1;5;3;1;5;3;5;4;4;1;3;2;3;2;2;2;3;1;2;5;2;4;3;3;4;1;4;5;4
Residents marocains;M;Bac+3;['SMCHI', 'Bureau Ordre Digital', 'BADR'];2;5;5;5;1;1;3;1;5;5;1;2;4;5;4;2;3;5;1;5;2;4;1;3;2;3;5;5;1;4;3;2;3;4;1;4
Residents marocains;M;Bac+5;['Bayyan lya'];5;4;2;5;4;1;4;4;2;3;4;2;3;4;2;4;4;3;5;5;1;1;5;3;4;2;2;3;4;1;5;1;2;3;3;1
Residents marocains;M;Bac+2;['RIAD'];1;4;5;1;1;3;3;4;5;2;2;1;3;4;1;5;5;1;2;5;2;4;3;3;1;3;5;4;1;1;2;4;2;4;5;5
Residents marocains;M;Bac+3;['SAMID', 'BADR', 'SMCHI'];1;2;1;3;3;1;2;4;3;3;2;3;3;2;4;1;2;5;2;2;5;2;4;3;3;4;2;3;5;5;2;3;2;5;1;2
Residents marocains;M;Bac+5;['ADIL', 'SAMID', 'Diwanati'];5;2;5;1;3;5;4;2;2;4;2;4;1;3;2;5;1;2;2;5;3;3;4;3;3;1;2;4;2;1;2;2;1;2;2;4
Residents marocains;M;Sans Bac;['Diwanati', 'ADIL', 'Bayyan lya'];4;5;2;3;4;4;1;2;3;5;1;4;1;2;4;2;2;1;5;5;5;5;3;5;3;2;3;4;3;3;5;2;3;4;1;5
Residents marocains;F;Bac+2;['Bayyan lya', 'SAMID'];5;4;1;2;2;1;3;5;4;3;2;4;4;4;3;4;2;5;5;5;2;3;1;5;2;2;5;5;2;2;1;5;3;3;4;3
Residents marocains;F;Bac+5;['SAMID'];3;5;1;1;3;5;3;1;3;3;4;2;5;1;3;4;3;5;2;1;5;1;5;3;1;2;1;1;5;1;2;1;4;1;2;4
Residents marocains;M;Bac+3;['BADR', 'RIAD', 'Bureau Ordre Digital'];5;1;5;3;4;4;4;2;5;3;3;5;2;1;2;1;1;2;1;2;1;5;1;1;2;5;1;1;4;5;4;3;2;2;4;4
Residents marocains;F;Bac+3;['SAAD', 'Bureau Ordre Digital'];5;5;5;5;3;1;5;2;4;5;3;3;2;5;2;5;4;4;3;2;4;3;2;5;4;2;4;2;3;2;4;4;2;1;5;5
Residents marocains;M;Bac+5;['Bayyan lya', 'Diwanati'];5;3;1;2;1;3;4;1;3;2;3;4;2;2;5;5;4;4;2;1;4;2;1;3;3;1;1;3;3;1;2;5;4;4;4;3
Residents marocains;F;Bac+3;['SAAD'];3;2;1;2;4;4;4;4;5;4;3;3;3;5;5;2;1;5;3;1;3;5;2;3;3;2;1;2;2;4;5;4;4;3;2;1
Residents marocains;M;Bac+2;['RIAD'];2;3;3;3;3;4;1;5;2;3;1;2;5;3;5;3;1;2;3;3;3;4;3;1;1;2;4;5;4;5;1;1;4;2;2;2
Residents marocains;M;Bac+2;['Bayyan lya', 'Autre'];1;2;5;2;4;2;4;1;1;5;2;2;3;3;4;4;4;3;1;3;2;1;4;2;5;3;4;1;2;2;2;5;3;1;4;2
Residents marocains;F;Bac+5;['Bureau Ordre Digital', 'Bayyan lya'];2;4;5;4;3;2;4;1;1;4;3;4;4;1;2;2;4;4;1;5;1;3;5;4;2;3;1;2;4;2;1;2;3;4;1;1
Residents marocains;M;Doctorat;['SMCHI', 'Diwanati', 'RIAD'];3;2;5;1;2;2;5;1;4;3;2;3;5;5;5;4;2;2;5;5;2;4;5;5;2;1;1;1;2;4;1;1;2;2;3;5
Residents marocains;M;Bac+3;['BADR', 'Autre', 'Bayyan lya'];4;1;3;1;2;2;1;2;1;2;1;2;2;5;4;3;2;1;2;1;3;2;5;3;4;5;5;3;4;5;4;2;4;1;2;1
Residents marocains;M;Bac+3;['SMCHI', 'SAAD'];4;1;2;1;5;5;3;5;3;5;4;2;2;4;1;4;2;4;4;1;4;3;1;4;1;5;1;5;3;3;4;5;5;5;5;4
Residents marocains;M;Bac;['Autre', 'Diwanati'];1;4;5;5;4;3;5;4;2;1;4;5;4;5;1;5;2;2;1;2;4;3;4;1;5;2;5;4;5;3;2;2;4;5;1;1
Residents marocains;M;Bac+3;['ADIL', 'Diwanati'];1;2;5;3;1;5;5;5;1;3;3;3;4;5;3;4;5;5;1;1;3;2;2;5;1;3;2;1;5;4;1;2;1;3;3;3
Residents marocains;M;Bac+2;['SAMID'];1;3;2;3;2;4;2;1;2;5;2;1;5;4;4;1;1;5;3;1;4;3;4;4;2;1;1;2;2;1;5;5;1;3;4;3
Residents marocains;F;Bac+5;['SAAD', 'ADIL'];4;4;5;3;5;5;5;4;5;4;3;5;3;2;4;1;5;1;4;1;3;3;3;3;3;2;3;2;1;2;3;4;1;1;1;3
Residents marocains;M;Bac+2;['Bureau Ordre Digital', 'SAAD', 'Diwanati'];1;5;4;1;5;5;4;5;1;2;3;5;4;5;3;3;1;3;4;4;2;2;4;2;4;2;1;4;3;1;1;5;3;3;5;1
Residents marocains;M;Bac+5;['BADR', 'Autre'];4;5;4;2;5;3;5;1;2;1;3;4;2;5;3;5;2;1;1;5;5;4;2;4;5;2;4;1;3;1;1;2;3;3;3;3
Residents marocains;M;Bac+3;['Bureau Ordre Digital', 'BADR'];4;1;2;1;3;4;3;1;5;5;1;3;2;2;4;5;2;5;1;3;3;3;3;2;2;3;3;3;2;3;2;5;5;3;3;4
Residents marocains;F;Bac+5;['Diwanati', 'SMCHI', 'BADR'];3;5;1;2;4;2;1;4;5;2;1;5;4;1;2;1;5;5;2;5;4;1;4;4;1;4;4;4;1;1;2;1;3;2;2;3
Residents marocains;M;Bac;['BADR', 'Bureau Ordre Digital'];4;5;5;2;2;1;4;5;4;3;5;4;5;4;1;4;3;2;4;2;3;1;4;3;2;4;5;5;3;5;5;5;5;4;1;4
Residents marocains;M;Bac+3;['RIAD', 'SMCHI', 'BADR'];2;4;1;2;1;4;4;4;5;1;3;3;2;3;5;3;5;3;1;5;5;4;1;1;4;4;4;3;5;1;5;3;4;3;2;4
Residents marocains;M;Bac+3;['BADR'];1;4;5;2;3;3;4;1;3;4;3;3;3;1;2;5;1;3;1;2;4;2;1;2;4;5;3;2;5;3;5;1;4;4;4;4
Residents marocains;M;Bac;['Diwanati'];4;1;3;3;1;2;4;1;2;1;3;1;4;5;2;3;2;1;2;1;4;2;1;1;5;5;3;3;2;3;2;1;4;4;4;2
Residents marocains;F;Bac;['SAAD', 'Autre'];3;3;5;1;5;1;4;5;1;2;1;1;4;4;4;1;4;4;1;2;4;5;2;5;1;2;5;4;1;2;4;4;1;5;2;1
Residents marocains;M;Doctorat;['Autre', 'RIAD', 'SAAD'];2;4;3;3;5;5;5;2;3;5;3;1;1;1;5;4;1;3;5;2;3;4;4;2;4;1;2;2;3;2;3;1;4;1;1;2
Residents marocains;M;Bac+2;['SAAD', 'Bureau Ordre Digital', 'Autre'];4;5;2;1;2;3;2;2;2;3;5;3;3;2;1;5;3;5;1;2;3;5;5;4;1;1;5;2;5;5;4;3;4;2;4;1
Residents marocains;F;Bac+5;['SAMID', 'SAAD', 'ADIL'];5;1;2;5;2;1;3;2;1;4;3;5;2;2;2;1;3;2;4;5;1;4;1;3;3;1;3;2;1;1;4;1;5;2;2;3
Residents marocains;M;Bac+2;['BADR', 'RIAD'];1;4;5;1;4;5;5;4;2;2;2;1;1;2;5;3;5;5;5;2;3;2;3;4;4;5;2;4;5;4;3;2;5;3;2;3
Residents marocains;F;Bac+3;['SAAD', 'ADIL', 'SMCHI'];1;5;4;4;4;2;1;5;2;5;3;4;2;5;1;5;4;3;3;1;3;2;4;3;2;5;3;2;1;4;3;3;1;3;4;4
Residents marocains;F;Bac+5;['RIAD', 'ADIL', 'Autre'];2;1;2;4;3;5;5;4;5;2;4;3;4;1;3;3;3;4;2;5;5;5;4;1;2;3;4;5;2;3;3;5;5;2;3;2
Residents marocains;F;Bac+2;['Bayyan lya'];3;5;2;5;5;5;1;5;4;5;5;4;1;5;2;1;3;5;4;3;4;5;4;4;3;3;2;2;4;1;3;5;5;3;1;4
Residents marocains;F;Bac+5;['Bayyan lya', 'SMCHI'];5;5;3;4;2;4;1;1;4;4;3;3;1;2;4;2;1;3;3;4;2;2;2;1;5;2;1;3;1;1;3;5;5;4;1;1
Residents marocains;F;Bac+2;['ADIL', 'SAAD'];1;4;3;1;5;1;1;1;3;4;2;2;1;1;5;3;3;2;2;1;5;1;1;3;1;2;3;2;2;2;5;3;5;3;4;2
Residents marocains;M;Bac+5;['SAMID'];5;4;4;5;2;5;1;1;3;5;3;5;3;3;5;1;1;4;3;2;4;3;3;4;2;1;2;1;3;1;4;3;2;5;2;1
Residents marocains;F;Bac+5;['RIAD'];3;3;5;2;2;5;2;4;2;3;4;5;1;2;2;3;5;2;4;4;1;4;2;1;1;5;1;2;1;1;5;5;1;5;3;2
Residents marocains;F;Bac+3;['RIAD', 'SMCHI', 'SAMID'];5;3;3;5;1;1;3;3;3;1;5;4;2;3;3;1;1;3;1;2;4;1;4;5;3;1;3;1;1;2;5;3;2;2;5;3
Residents marocains;M;Bac+3;['SAMID', 'SMCHI', 'Bureau Ordre Digital'];3;3;1;2;2;1;1;2;4;3;1;1;4;4;4;5;4;4;2;1;4;5;5;2;3;2;2;4;1;5;5;1;1;5;1;3
Residents marocains;M;Bac+3;['Bureau Ordre Digital', 'BADR', 'SMCHI'];3;5;1;2;4;1;1;2;4;5;2;1;4;1;1;3;2;1;1;2;5;4;5;2;2;4;5;2;5;1;3;4;3;3;2;2
Residents marocains;M;Bac+2;['Autre'];3;4;5;3;4;5;2;2;1;1;5;3;4;2;2;3;3;2;4;1;1;1;1;1;1;2;5;5;2;5;4;2;3;2;1;5
Residents marocains;M;Bac+3;['Diwanati'];5;3;4;2;4;2;1;4;5;3;1;3;5;2;2;1;3;3;4;1;4;1;4;5;3;4;5;4;2;2;4;3;3;3;4;3
Residents marocains;F;Doctorat;['RIAD', 'SAAD', 'BADR'];1;2;2;5;1;5;1;5;2;3;4;5;4;4;5;5;4;3;5;3;3;2;2;1;5;2;2;5;1;4;3;2;5;1;3;1
Residents marocains;M;Bac;['Diwanati', 'Bureau Ordre Digital', 'SAMID'];2;2;1;3;1;5;4;5;5;4;4;5;3;3;5;4;2;2;2;2;5;4;2;2;4;1;5;4;3;2;3;1;1;5;1;3
Residents marocains;M;Bac+5;['BADR'];1;3;1;1;1;1;4;2;2;2;3;2;2;4;3;3;4;2;1;5;2;3;5;4;1;3;5;4;2;3;2;1;3;2;2;3
Residents marocains;M;Bac+5;['Bayyan lya'];3;4;2;1;2;3;2;4;3;4;3;5;4;4;2;3;3;2;1;3;4;3;3;2;5;1;5;3;1;1;4;2;1;3;3;4
Residents marocains;M;Bac+5;['BADR'];2;5;1;5;5;5;5;5;2;5;3;5;1;3;5;4;2;3;1;3;1;1;4;3;3;5;2;5;1;4;5;1;5;2;1;4
Residents marocains;M;Bac+3;['ADIL', 'BADR', 'Bayyan lya'];2;3;1;5;4;4;2;2;2;1;5;5;1;2;1;4;1;1;5;3;3;2;5;4;1;2;3;4;2;1;1;2;4;5;3;3
Residents marocains;F;Doctorat;['Autre', 'Bureau Ordre Digital', 'BADR'];3;1;5;2;2;2;4;1;5;2;3;1;2;2;4;4;4;3;3;4;3;4;3;1;4;5;1;1;5;5;4;4;5;3;3;4
Residents marocains;M;Bac+5;['SAAD', 'Bayyan lya'];2;5;2;3;3;3;1;5;3;3;2;1;3;5;5;5;1;1;4;4;4;4;2;3;2;5;2;2;3;2;1;2;3;5;4;3
Residents marocains;F;Bac+2;['SMCHI', 'SAMID'];4;4;2;5;5;2;3;5;4;4;3;3;1;2;2;2;4;2;5;4;5;2;4;4;4;3;3;4;3;1;1;4;4;2;2;4
Residents marocains;M;Bac+3;['ADIL'];5;5;4;4;3;2;5;4;5;1;1;4;2;3;1;2;2;4;3;4;2;3;3;5;5;4;3;5;5;5;3;1;5;5;1;1
Residents marocains;M;Bac+2;['Bureau Ordre Digital', 'SAAD', 'Autre'];4;1;1;3;5;3;2;2;3;5;1;5;1;2;4;4;2;1;1;2;1;2;2;4;4;4;4;5;4;2;2;4;3;2;1;2
Residents marocains;F;Bac;['RIAD'];5;3;5;5;2;1;4;5;4;4;2;2;1;3;4;3;4;2;5;1;4;3;1;3;3;4;1;1;3;1;1;2;2;2;1;1
Residents marocains;F;Bac+5;['SAMID', 'Diwanati', 'Bureau Ordre Digital'];3;2;4;2;5;2;2;5;1;2;2;4;3;4;5;1;4;2;5;2;1;3;3;5;1;4;5;4;4;3;3;2;1;1;1;2
Residents marocains;M;Bac+5;['SMCHI'];2;5;2;5;1;4;4;5;4;3;3;2;2;3;3;1;2;5;2;2;1;3;2;2;1;4;2;1;3;5;3;5;1;5;2;3
Residents marocains;F;Bac+5;['Bayyan lya', 'SAMID', 'Bureau Ordre Digital'];1;2;5;5;2;5;4;3;4;1;1;2;2;2;2;5;3;4;4;1;4;1;1;4;3;5;4;5;3;2;5;3;2;3;2;2
Residents marocains;M;Bac+2;['ADIL', 'Bayyan lya'];2;5;3;5;3;5;3;1;3;4;2;2;5;1;1;1;5;2;1;4;1;3;1;4;3;5;3;4;4;4;5;4;2;4;2;3
Residents marocains;F;Doctorat;['BADR', 'Bureau Ordre Digital', 'Autre'];1;3;5;4;1;3;1;1;4;2;4;2;3;5;4;3;2;5;4;3;5;2;2;5;2;3;2;5;3;5;5;2;3;5;2;2
Residents marocains;M;Bac+3;['Autre'];5;1;2;3;3;4;1;4;4;4;4;4;4;3;2;1;2;2;5;5;1;3;2;3;3;2;5;5;3;4;1;4;2;5;2;2
Residents marocains;F;Bac+5;['Autre', 'SMCHI'];3;2;3;4;5;4;2;2;3;3;1;1;1;4;1;1;3;5;4;5;1;1;5;5;2;4;3;4;2;4;4;2;4;2;1;4
Residents marocains;F;Doctorat;['SAMID', 'BADR', 'RIAD'];2;4;3;1;2;5;2;2;5;2;2;4;5;3;2;5;1;5;2;2;2;5;2;5;3;1;4;4;3;5;3;3;1;2;2;3
Residents marocains;M;Bac+5;['SAAD'];4;3;4;5;1;4;2;4;4;2;4;3;1;4;5;1;5;4;4;4;3;4;3;4;4;3;2;3;1;2;3;2;4;4;2;5
Residents marocains;F;Bac;['BADR', 'Diwanati', 'Bayyan lya'];1;2;3;5;2;3;3;1;2;3;1;5;3;2;5;3;4;2;5;3;2;1;5;4;5;1;1;2;5;1;1;2;2;5;5;5
Residents marocains;M;Bac+2;['ADIL', 'Bureau Ordre Digital', 'RIAD'];3;2;5;5;1;4;1;1;1;4;2;2;4;4;2;5;1;3;5;3;3;4;2;1;3;1;3;5;2;4;5;1;2;3;5;3
Residents marocains;F;Bac+2;['SAAD'];5;5;3;2;4;4;4;2;1;1;2;1;5;3;4;3;4;4;3;3;2;1;1;3;4;1;2;5;1;5;3;3;1;1;2;2
Residents marocains;M;Bac+2;['SAAD', 'Autre'];1;4;4;4;1;4;1;1;4;2;2;1;1;4;3;1;1;5;2;1;4;3;5;2;5;2;5;1;5;5;3;1;4;1;3;3
Residents marocains;M;Bac+5;['Autre'];5;1;3;1;5;5;1;2;2;2;4;3;2;2;3;3;4;3;4;1;5;5;1;2;4;4;4;5;1;4;5;1;3;3;2;2
Residents marocains;M;Bac+5;['SMCHI'];1;3;5;4;2;3;2;5;2;4;2;2;5;5;5;4;2;2;3;4;4;3;5;3;4;1;3;4;1;2;3;4;3;4;4;3
Residents marocains;M;Bac+5;['Diwanati', 'RIAD'];3;5;1;3;2;2;5;1;5;1;4;4;5;5;4;3;3;5;2;5;4;5;4;2;4;5;1;1;1;1;3;2;4;2;1;4
Residents marocains;F;Bac;['BADR', 'Bureau Ordre Digital'];1;5;4;1;3;1;1;2;5;5;5;2;4;2;4;2;5;5;4;3;3;3;3;1;3;1;2;4;4;4;5;4;2;2;1;2
Residents marocains;M;Bac+5;['SMCHI', 'Bureau Ordre Digital', 'SAAD'];2;2;2;1;4;5;5;5;1;1;5;4;1;2;5;3;3;2;4;3;2;3;5;5;4;1;3;4;4;5;2;5;4;1;2;1
Residents marocains;F;Bac+5;['BADR'];4;5;3;4;2;5;1;4;4;1;2;5;4;1;2;3;3;1;3;3;4;4;1;4;3;3;5;5;5;2;3;2;3;3;4;4
Residents marocains;M;Bac+3;['ADIL'];1;1;5;1;4;3;5;4;3;3;5;2;4;2;5;5;5;3;1;3;5;5;2;5;4;5;4;1;1;1;3;3;2;2;2;1
Residents marocains;F;Bac+5;['Autre'];3;4;5;2;4;1;3;3;3;2;2;1;1;4;1;4;5;3;1;3;4;5;1;1;1;5;2;1;5;2;5;5;1;5;1;3
Residents marocains;F;Bac+5;['SMCHI', 'Autre'];2;5;3;1;2;3;1;5;1;3;1;2;2;4;4;3;5;4;2;5;3;2;1;4;3;2;3;1;1;3;3;4;5;4;3;1
Residents marocains;M;Bac+5;['ADIL', 'RIAD'];1;4;2;4;2;4;4;5;4;5;4;3;5;5;1;2;3;1;1;5;1;3;3;5;4;1;3;2;3;1;3;1;5;5;4;2
Residents marocains;F;Bac+2;['Bayyan lya'];5;1;5;1;4;4;3;4;3;2;1;1;1;2;4;1;2;2;1;3;2;4;1;3;5;4;4;5;4;2;5;1;4;5;1;5
Residents marocains;M;Bac+2;['SAAD', 'Diwanati'];4;3;3;2;3;5;3;2;5;1;4;1;4;3;4;1;1;2;2;3;2;4;4;2;3;4;3;4;1;3;2;4;3;2;5;1
Residents marocains;F;Bac+3;['Autre', 'RIAD', 'Bayyan lya'];3;2;5;1;1;2;4;3;2;5;4;4;2;3;1;5;2;4;3;2;4;1;4;2;4;1;4;2;3;1;1;1;3;2;3;2
Residents marocains;F;Doctorat;['Diwanati', 'SAAD', 'ADIL'];1;1;5;3;5;5;4;3;1;1;5;1;1;4;4;3;4;3;2;5;2;5;5;5;1;5;2;5;3;2;3;1;1;3;4;2
Residents marocains;F;Bac+5;['RIAD', 'SAAD', 'Bureau Ordre Digital'];4;5;3;3;1;2;5;4;4;1;1;4;4;3;4;5;1;5;4;5;1;5;5;3;5;3;1;3;3;2;2;3;5;5;2;4
Residents marocains;M;Bac+2;['Autre'];2;4;1;1;5;3;4;3;4;3;1;2;1;4;5;4;2;4;1;5;4;3;5;5;5;4;3;1;1;3;2;5;4;1;3;5
Residents marocains;M;Bac+5;['Bureau Ordre Digital', 'SMCHI'];1;1;4;3;1;3;5;5;4;5;5;3;3;2;2;2;2;1;2;1;5;2;1;3;4;2;2;1;1;5;1;2;4;2;4;4
Residents marocains;M;Bac+5;['SMCHI', 'SAAD'];2;3;5;5;5;5;4;4;4;3;4;5;4;3;5;4;5;4;5;2;4;2;4;2;5;3;2;1;4;5;2;2;4;5;4;5
Residents marocains;M;Bac;['ADIL', 'Bureau Ordre Digital'];5;4;1;5;1;2;3;1;2;4;5;2;1;3;2;1;3;1;4;5;1;2;2;2;3;5;4;5;4;2;1;4;4;5;4;3
Residents marocains;M;Bac+3;['Bureau Ordre Digital', 'ADIL', 'SAMID'];5;1;5;4;5;3;2;2;2;3;1;2;4;3;1;5;1;1;2;2;3;4;4;5;4;5;2;2;4;2;1;3;5;1;3;5
Residents marocains;F;Bac+2;['Autre', 'Bureau Ordre Digital'];5;3;5;1;2;2;2;1;4;4;4;1;5;4;3;2;2;4;2;4;3;3;1;3;1;3;1;5;2;5;1;3;2;5;3;4
Residents marocains;M;Bac+5;['SAMID', 'Autre', 'SMCHI'];1;1;3;3;3;2;1;1;2;3;1;1;4;5;4;2;4;5;2;1;1;5;1;1;5;2;5;4;2;5;3;4;2;2;1;2
Residents marocains;M;Bac+5;['SAAD'];3;1;5;4;2;5;3;5;2;5;1;3;5;1;2;1;2;4;4;2;4;2;4;2;1;1;2;5;4;4;2;1;5;3;5;3
Residents marocains;M;Bac+5;['Bayyan lya', 'SAMID', 'Diwanati'];4;1;3;5;1;1;1;4;2;2;4;1;5;5;1;2;1;3;3;4;2;5;3;1;5;1;3;2;4;3;1;1;1;2;3;4
Residents marocains;F;Bac+5;['RIAD', 'Bureau Ordre Digital', 'Bayyan lya'];4;2;1;2;4;3;4;2;3;2;1;5;1;4;1;4;1;5;5;5;2;4;1;3;5;4;2;3;1;4;4;2;3;4;3;2
Residents marocains;F;Bac+5;['RIAD', 'SAMID', 'SAAD'];2;5;1;2;5;5;1;4;4;2;2;4;2;5;5;4;1;5;1;4;3;3;5;5;1;5;4;3;5;3;1;2;5;2;3;5
Residents marocains;M;Bac+2;['Autre', 'SAMID', 'BADR'];3;3;4;5;5;4;1;5;3;1;4;5;3;2;3;3;4;5;3;5;3;1;3;1;4;5;3;2;1;1;1;1;1;2;1;1
Residents marocains;F;Bac+3;['SAMID', 'ADIL', 'RIAD'];5;4;1;4;1;1;3;4;2;2;1;4;4;5;1;5;4;1;5;3;1;2;2;1;2;5;1;5;5;4;1;2;3;1;5;2
Residents marocains;F;Bac+3;['Autre', 'BADR', 'SMCHI'];2;1;3;1;4;2;3;3;5;1;5;2;1;1;3;2;4;1;1;4;4;3;4;2;4;4;3;4;4;1;4;2;2;5;1;1
Residents marocains;M;Bac+2;['Autre', 'SMCHI'];3;1;2;1;3;4;2;4;2;4;3;2;5;3;5;3;2;4;5;1;3;1;4;5;2;2;2;4;2;1;2;2;5;4;2;2
Residents marocains;M;Bac+3;['Diwanati', 'ADIL'];1;5;2;1;2;4;3;5;4;1;2;4;2;5;2;2;1;5;2;3;3;4;1;5;3;1;2;5;2;3;1;2;4;5;3;3
Residents marocains;M;Bac+3;['Diwanati'];4;4;5;3;2;2;1;5;4;3;1;2;4;2;5;5;5;4;1;5;5;3;2;4;4;4;5;3;3;1;1;5;4;5;1;3
Residents marocains;F;Bac+5;['SAAD'];1;4;3;1;4;1;2;5;1;3;1;3;4;5;5;5;5;5;2;2;3;3;4;1;2;4;3;4;2;3;5;3;4;2;1;5
Residents marocains;F;Bac;['SAMID', 'SAAD', 'Bayyan lya'];3;4;3;4;1;4;5;4;5;5;4;5;4;1;4;3;1;4;5;3;4;4;1;5;1;5;5;4;4;3;4;2;2;5;5;2
Residents marocains;M;Bac+5;['Bureau Ordre Digital', 'SAAD', 'Diwanati'];1;1;1;4;1;2;3;2;1;3;1;2;3;5;2;1;4;2;3;2;2;3;4;1;3;5;3;4;1;1;3;1;2;1;3;3
Residents marocains;F;Bac+3;['SMCHI', 'ADIL', 'BADR'];3;5;1;4;1;4;2;2;4;2;4;3;4;5;5;4;5;4;5;1;2;1;3;1;3;1;2;1;1;4;1;3;1;3;4;3
Residents marocains;M;Bac+3;['Bureau Ordre Digital', 'Diwanati', 'BADR'];4;3;4;5;1;4;4;1;2;2;5;2;2;3;2;4;5;5;1;1;2;5;3;2;2;3;5;3;2;3;1;4;2;3;2;1
Residents marocains;M;Bac;['Bayyan lya'];4;3;3;1;4;1;3;5;3;3;3;3;1;5;1;4;1;2;4;4;1;5;4;3;1;2;2;1;4;3;1;4;3;2;1;1
Residents marocains;M;Bac+3;['RIAD', 'Bureau Ordre Digital', 'ADIL'];3;2;3;5;4;3;5;2;5;2;2;4;2;4;4;3;4;3;4;4;3;1;4;5;4;4;4;4;2;2;1;3;2;1;1;3
Residents marocains;F;Bac+5;['SAMID', 'Diwanati'];4;3;2;1;3;3;2;5;3;5;2;4;3;3;1;1;1;4;5;2;1;3;2;4;4;3;4;2;3;1;5;5;5;3;5;2
Residents marocains;F;Bac;['SAMID', 'Autre'];2;1;2;2;4;3;1;5;4;2;3;2;3;5;3;5;5;3;2;5;4;1;1;5;2;4;1;5;3;3;4;1;1;3;3;2
Residents marocains;M;Bac+5;['RIAD'];3;4;1;2;3;5;4;3;3;5;4;3;5;5;5;1;1;5;4;4;5;5;2;4;4;5;2;4;3;2;4;3;4;1;1;2
Residents marocains;F;Bac+5;['SAMID', 'SAAD'];4;2;1;1;3;4;3;3;3;2;2;2;3;5;5;1;4;3;2;5;4;1;4;2;5;4;2;3;3;4;3;5;1;4;3;2
Residents marocains;M;Bac+3;['ADIL', 'SAAD'];5;1;3;1;1;1;3;1;2;2;2;2;4;2;4;4;5;2;3;1;2;2;2;1;2;2;5;5;5;1;1;4;4;2;5;2
Residents marocains;F;Bac+5;['Bayyan lya', 'RIAD', 'Bureau Ordre Digital'];3;4;4;2;1;1;2;4;3;5;4;3;2;2;3;1;4;4;5;5;1;3;4;4;4;2;4;5;3;5;1;1;4;1;1;4
Residents marocains;F;Bac+2;['Diwanati', 'Autre'];1;2;1;3;1;2;5;5;3;1;4;4;4;2;5;2;1;1;1;1;3;5;1;4;4;5;4;5;5;1;2;5;5;3;1;4
Residents marocains;F;Bac+5;['RIAD', 'SAAD'];5;2;2;3;4;5;4;1;4;4;4;3;5;1;5;1;1;1;3;1;4;1;2;2;4;4;5;3;4;1;5;4;2;2;5;2
Residents marocains;M;Bac+2;['BADR', 'SAAD', 'SAMID'];2;5;1;4;2;4;4;4;4;5;3;3;3;3;2;1;2;2;4;2;2;3;1;3;4;4;5;2;3;3;5;3;5;5;1;1
Residents marocains;F;Bac+5;['RIAD', 'SMCHI', 'SAAD'];5;2;5;5;1;3;3;5;4;3;1;4;1;3;2;5;5;3;3;1;4;4;5;5;1;2;2;2;2;1;3;3;3;2;4;5
Residents marocains;F;Doctorat;['RIAD', 'Diwanati', 'SAMID'];5;4;2;4;1;4;5;5;5;2;2;3;5;1;1;4;3;4;5;1;5;3;4;2;1;1;5;1;4;4;3;2;5;5;2;3
Residents marocains;M;Bac+2;['ADIL', 'SAAD'];2;2;2;1;4;2;1;5;1;4;1;1;3;3;2;3;2;1;3;2;2;4;2;1;2;5;4;3;5;1;1;2;4;5;1;4
Residents marocains;F;Bac+5;['Bayyan lya', 'RIAD'];3;2;2;5;5;4;5;3;1;2;2;5;1;5;2;1;4;1;5;3;1;3;2;3;5;3;1;2;5;5;4;4;1;2;3;4
Residents marocains;F;Bac+5;['Diwanati', 'RIAD', 'Bayyan lya'];3;5;5;2;3;5;3;1;4;4;2;2;1;4;1;3;1;4;1;4;5;2;3;1;1;1;1;5;3;2;1;3;4;3;3;3
Residents marocains;M;Bac+2;['Bureau Ordre Digital'];3;2;5;4;4;2;4;4;4;4;5;5;4;4;5;4;4;4;3;1;5;2;3;3;3;5;1;5;3;4;3;1;4;2;5;2
Residents marocains;F;Bac+5;['BADR', 'Diwanati', 'Autre'];1;3;5;1;3;4;1;5;1;5;4;1;2;3;1;4;1;1;5;4;2;5;3;4;1;1;3;5;1;5;1;3;1;1;2;2
Residents marocains;M;Bac+2;['BADR', 'Bureau Ordre Digital'];3;3;3;2;2;2;1;5;3;4;1;5;3;3;1;3;4;3;5;4;1;2;2;2;2;3;1;4;4;4;5;2;5;4;1;5
Residents marocains;M;Bac+3;['BADR', 'SAMID', 'Autre'];4;3;4;5;4;4;4;1;4;2;5;2;2;1;5;5;5;1;4;5;4;1;4;4;4;3;5;2;1;5;2;2;2;2;2;2
Residents marocains;M;Bac+5;['BADR', 'Diwanati', 'Bayyan lya'];2;4;2;3;5;5;1;1;5;3;5;3;5;2;2;2;5;1;3;4;3;1;2;2;2;3;2;4;4;3;2;3;4;2;3;2
Residents marocains;F;Bac+5;['SMCHI', 'Bayyan lya', 'ADIL'];3;2;2;2;3;5;3;4;5;4;1;3;5;4;1;5;1;3;4;5;2;1;1;1;4;3;5;2;1;5;3;2;4;3;3;1
Residents marocains;M;Bac+3;['RIAD', 'SMCHI', 'SAAD'];1;4;5;2;4;5;5;3;1;2;5;1;5;1;5;2;2;2;1;5;1;5;1;4;5;2;4;1;2;3;4;2;3;4;2;2
Residents marocains;M;Bac+3;['Bureau Ordre Digital'];2;2;1;3;5;4;1;5;5;2;2;4;5;5;3;5;5;4;2;4;5;2;4;4;4;3;5;4;5;5;5;1;2;3;1;1
Residents marocains;M;Bac;['RIAD', 'Bureau Ordre Digital', 'Bayyan lya'];2;4;5;2;2;5;2;1;3;3;1;1;3;4;5;3;1;2;3;2;2;4;4;5;4;1;2;4;3;3;5;5;4;3;2;2
Residents marocains;M;Bac+3;['SAMID'];4;5;1;5;1;2;3;2;2;5;4;5;1;2;3;1;5;3;1;4;3;1;5;5;5;3;3;1;3;2;1;1;2;5;2;3
Residents marocains;M;Bac+3;['BADR', 'SAMID', 'Bayyan lya'];2;5;2;5;4;4;5;5;2;2;2;5;1;4;3;5;2;3;2;5;1;1;2;3;4;4;5;1;3;1;4;2;4;4;2;1
Residents marocains;M;Bac;['SAAD', 'Bureau Ordre Digital'];2;1;4;1;3;4;5;5;5;4;5;5;4;1;5;3;2;1;3;1;2;2;4;2;1;2;2;3;4;2;2;4;1;2;1;4
Residents marocains;M;Bac+5;['RIAD'];1;2;5;5;1;3;5;3;4;4;5;2;5;4;3;2;2;3;3;1;5;5;3;1;2;4;4;5;5;1;1;3;3;5;2;4
Residents marocains;M;Bac+5;['SAAD', 'Diwanati'];2;2;3;4;2;4;1;4;3;5;1;4;5;1;1;2;5;2;1;5;1;3;1;3;1;1;5;3;1;3;4;5;2;3;5;2
Residents marocains;M;Sans Bac;['Bayyan lya'];1;3;5;3;2;2;5;4;5;4;4;3;4;4;5;3;2;5;2;3;2;1;1;4;2;3;1;4;2;1;3;3;3;2;1;5
MRE;M;Bac+2;['Bayyan lya'];4;2;3;3;2;3;3;5;3;5;3;5;2;2;5;2;4;4;5;2;3;2;5;4;5;1;2;3;1;4;2;2;5;5;4;4
MRE;M;Doctorat;['Diwanati'];2;5;2;5;3;1;2;3;4;3;2;1;1;5;4;5;3;5;5;4;3;4;3;5;4;5;1;2;3;4;3;4;5;5;3;3
MRE;M;Bac+5;['Bureau Ordre Digital'];3;4;1;3;3;5;5;1;4;3;5;3;4;2;2;1;5;4;4;1;4;5;5;2;2;3;2;5;1;2;1;3;5;5;3;3
MRE;M;Bac+5;['BADR'];3;4;4;2;3;5;3;5;2;3;2;3;4;2;2;1;3;4;3;4;1;1;3;3;4;3;5;2;4;4;2;4;4;1;5;3
MRE;M;Bac+5;['RIAD', 'SAAD', 'Bayyan lya'];1;1;1;3;4;4;5;2;4;3;5;1;1;4;1;5;3;4;2;3;2;3;3;2;5;5;4;4;4;2;2;5;2;4;3;2
MRE;F;Doctorat;['ADIL'];5;5;1;2;5;1;5;1;1;2;3;4;4;2;3;3;5;4;4;4;2;3;3;2;5;3;3;3;1;1;5;3;5;3;3;5
MRE;M;Doctorat;['SMCHI'];2;2;5;4;5;5;5;3;2;2;3;3;5;4;5;2;5;3;4;5;4;2;1;1;4;4;3;4;3;2;5;1;4;5;3;3
MRE;M;Bac+5;['BADR'];1;5;4;3;2;1;4;4;5;5;3;3;3;4;1;5;5;2;4;2;5;3;5;1;4;3;2;3;4;4;2;4;5;3;2;1
MRE;M;Bac;['SAMID', 'BADR', 'Bayyan lya'];1;2;5;2;3;5;2;4;3;5;5;3;2;3;4;2;1;1;4;5;3;1;5;3;5;2;2;5;1;1;4;5;1;5;1;3
MRE;M;Bac+5;['RIAD'];5;1;2;5;5;4;5;4;3;4;4;4;3;1;2;4;1;4;3;5;3;4;3;1;1;1;1;3;4;2;2;5;2;4;2;2
MRE;M;Bac+5;['SAAD'];5;5;4;4;5;1;1;2;5;4;1;3;5;2;4;3;4;2;4;1;2;1;1;1;5;2;3;5;3;1;4;1;4;3;4;5
MRE;M;Bac+3;['SAMID', 'Bayyan lya', 'SMCHI'];1;3;4;5;1;5;3;1;1;3;5;1;4;5;5;1;1;1;3;4;5;3;1;4;4;1;4;5;4;2;1;3;1;3;2;2
MRE;M;Bac+3;['SAMID', 'Diwanati', 'SAAD'];2;5;2;1;1;5;1;4;1;3;2;3;1;1;4;5;5;2;5;2;5;3;1;4;3;3;5;4;5;5;2;4;4;2;4;2
MRE;M;Bac+5;['RIAD', 'Diwanati'];2;2;4;5;1;2;5;5;3;3;1;2;2;4;3;3;4;1;1;4;5;3;5;4;4;4;5;1;4;2;3;2;1;1;1;2
MRE;M;Bac+2;['Diwanati', 'Bayyan lya', 'Autre'];1;5;1;1;4;3;3;2;5;3;3;3;2;4;2;4;3;5;5;3;3;5;4;1;3;4;4;5;4;2;4;4;4;1;1;1
MRE;M;Bac;['SMCHI', 'Bayyan lya', 'Diwanati'];1;3;5;1;2;5;5;3;4;4;4;2;4;2;5;5;1;1;3;5;4;1;3;3;2;4;5;4;2;5;1;4;3;4;1;5
MRE;M;Doctorat;['RIAD'];4;3;2;4;3;4;2;1;3;3;5;3;3;4;1;1;5;3;2;3;1;4;2;5;5;2;1;5;2;3;5;3;1;2;2;3
MRE;F;Bac+2;['SAMID', 'RIAD', 'ADIL'];1;1;1;5;5;4;2;2;2;2;3;2;1;2;4;2;2;3;5;2;5;3;3;5;5;2;5;5;4;4;3;1;1;3;1;3
MRE;F;Bac+2;['Bayyan lya'];5;2;1;4;2;2;3;4;2;5;2;3;3;1;1;2;3;2;1;3;1;5;4;3;4;4;2;4;2;1;5;4;5;5;2;1
MRE;F;Bac+5;['BADR', 'Diwanati', 'ADIL'];2;5;5;3;4;4;4;5;4;5;5;5;2;3;2;2;3;3;1;5;5;5;1;1;2;2;1;3;5;1;5;4;1;4;4;2
MRE;F;Bac+5;['ADIL'];5;1;4;5;5;2;1;5;1;5;2;2;1;4;1;4;3;2;1;3;4;3;5;3;5;5;3;4;3;3;1;4;3;1;1;3
MRE;F;Bac+5;['Bayyan lya'];1;2;1;2;4;3;3;3;4;2;4;5;2;1;1;3;4;1;5;1;2;5;4;5;2;2;3;3;1;4;3;4;2;1;2;4
MRE;M;Bac+5;['Bureau Ordre Digital'];4;4;4;1;5;3;3;4;1;3;3;1;3;2;5;3;1;4;4;2;2;2;1;5;3;4;3;4;5;4;3;5;1;4;2;5
MRE;F;Bac;['RIAD', 'Diwanati'];2;5;4;4;2;2;1;3;5;2;4;4;5;2;2;5;5;2;4;1;5;2;4;3;3;4;3;5;2;4;4;4;3;2;1;4
MRE;M;Bac;['SMCHI'];4;2;4;2;5;2;2;2;1;5;3;1;3;3;5;5;3;5;2;1;2;1;5;3;5;4;4;4;5;3;4;1;5;4;5;1
MRE;M;Bac+3;['SMCHI', 'ADIL'];4;2;4;2;1;1;3;2;3;2;2;4;4;1;3;5;4;3;2;5;2;2;5;1;4;3;3;1;5;3;4;4;3;2;3;3
MRE;M;Bac;['Diwanati'];2;5;5;1;3;4;3;3;2;2;4;2;2;5;3;1;3;3;1;5;5;5;3;5;4;5;4;4;2;4;3;2;1;5;5;3
MRE;M;Bac+5;['RIAD', 'Autre'];3;5;5;5;3;2;4;4;4;3;4;3;5;4;5;4;5;2;3;4;3;5;5;2;4;3;1;2;3;1;5;5;3;5;3;1
MRE;M;Doctorat;['Bureau Ordre Digital', 'RIAD'];1;3;5;5;2;5;4;1;3;1;5;1;1;1;2;5;2;2;4;4;5;5;3;3;5;1;1;1;1;2;4;3;1;2;1;1
MRE;F;Bac+5;['SMCHI'];5;5;2;5;1;5;4;2;4;2;4;1;3;5;4;3;4;4;2;4;2;2;3;4;3;3;4;4;4;2;2;1;4;1;3;5
MRE;F;Bac+5;['SAAD', 'RIAD'];3;3;3;5;4;1;3;4;4;2;2;5;1;2;1;5;1;5;1;4;3;2;2;3;1;2;2;3;2;4;1;5;2;4;3;1
MRE;M;Doctorat;['BADR', 'SAMID', 'RIAD'];2;4;3;2;2;3;3;5;4;1;4;5;4;5;2;2;2;1;4;1;1;4;5;5;3;5;2;2;5;4;5;3;4;3;4;5
MRE;M;Bac+5;['Bayyan lya', 'RIAD'];2;4;1;4;2;2;5;3;2;5;5;3;5;1;2;2;2;1;2;1;4;1;3;2;4;3;1;4;4;4;2;4;4;2;1;1
MRE;F;Bac+2;['SAAD'];1;5;4;2;4;3;4;3;3;4;3;4;4;3;2;2;4;3;5;3;2;4;2;2;1;4;2;4;3;3;3;2;1;3;5;4
MRE;M;Bac+5;['Bureau Ordre Digital', 'SAAD', 'RIAD'];2;2;3;4;1;3;4;5;4;2;5;2;3;4;1;1;1;3;3;5;1;2;5;1;5;2;2;5;5;5;1;1;4;2;3;3
MRE;F;Bac+3;['Bureau Ordre Digital'];5;1;3;5;1;1;3;1;2;5;2;5;4;3;3;2;2;5;1;2;5;3;5;4;2;3;3;2;3;5;2;4;3;5;3;4
MRE;M;Bac+5;['SAAD', 'BADR', 'Bayyan lya'];4;4;3;3;2;5;1;5;3;2;3;2;3;5;2;2;2;4;4;2;4;1;2;4;4;4;1;5;5;4;5;1;4;1;5;2
MRE;M;Bac+5;['Bayyan lya'];5;1;3;3;2;1;2;3;2;3;5;1;3;2;4;2;3;3;5;4;5;2;3;3;2;3;1;4;5;2;1;5;2;1;3;4
MRE;M;Bac+2;['Bayyan lya'];4;2;1;4;1;1;4;3;2;2;2;5;3;1;5;5;1;1;1;5;5;4;5;2;2;4;2;5;3;3;2;1;1;4;2;5
MRE;F;Bac+5;['Bureau Ordre Digital', 'SAMID', 'Bayyan lya'];2;3;4;5;2;2;4;2;2;4;1;1;2;3;2;1;2;2;1;3;5;2;1;4;2;4;2;2;3;2;1;3;5;2;3;4
MRE;M;Bac+3;['SAMID'];4;3;2;5;2;5;1;4;4;4;3;3;4;5;2;2;5;5;4;4;5;3;5;3;5;5;4;4;1;4;5;2;2;5;1;4
MRE;F;Bac+5;['Bayyan lya'];2;1;2;2;4;5;2;4;2;3;3;1;5;5;2;2;3;4;4;3;2;5;1;2;3;3;1;1;1;5;1;3;5;5;3;4
MRE;M;Bac+5;['RIAD', 'Bayyan lya', 'Autre'];4;3;1;5;2;1;2;4;4;2;5;3;1;2;4;4;5;5;5;3;3;3;5;4;4;4;1;4;4;1;4;2;1;2;5;5
MRE;M;Bac+5;['SAAD', 'Bureau Ordre Digital'];2;2;2;5;2;4;5;4;1;1;1;3;2;5;3;2;5;3;3;3;1;1;1;5;3;4;1;4;3;2;3;3;3;4;4;5
MRE;M;Bac+3;['Diwanati', 'RIAD', 'SAAD'];3;3;5;1;1;5;3;3;3;5;3;5;3;3;2;3;3;1;4;5;4;5;4;3;4;4;3;1;3;3;1;5;1;4;3;4
MRE;M;Doctorat;['ADIL'];5;3;3;2;2;5;1;4;5;3;4;2;4;5;3;3;3;3;4;3;2;4;2;3;2;5;1;2;4;5;3;3;4;4;1;5
MRE;M;Bac+5;['BADR', 'SAMID'];5;4;5;5;2;3;4;3;5;4;3;5;5;1;5;2;5;1;2;4;5;2;4;2;3;5;2;5;2;2;5;3;2;2;3;2
MRE;M;Bac+3;['ADIL', 'SAMID'];3;4;3;1;4;1;2;5;4;3;1;1;1;2;3;5;5;5;2;2;3;2;2;4;5;3;4;4;4;4;5;4;5;4;4;5
MRE;M;Sans Bac;['SAMID', 'Diwanati'];3;4;1;1;5;4;5;4;5;2;2;1;4;4;1;1;1;1;3;2;4;1;5;3;4;1;4;2;3;5;5;4;3;5;2;5
MRE;F;Bac;['SAAD'];3;5;5;5;1;2;5;4;5;1;4;5;2;4;2;2;3;2;1;3;1;5;3;1;5;4;3;1;4;4;1;2;3;3;3;2
MRE;M;Bac;['Diwanati', 'SAAD', 'Autre'];5;4;5;1;4;4;1;2;4;5;1;3;4;4;3;2;1;3;2;4;4;2;2;5;4;5;4;1;1;1;2;5;1;5;5;5
MRE;F;Bac+3;['RIAD'];3;1;4;5;4;2;1;3;4;2;1;1;3;3;4;2;2;5;1;3;3;2;4;4;1;1;2;2;4;3;3;5;3;4;5;2
MRE;M;Bac+3;['Autre', 'Bayyan lya'];2;3;4;5;1;1;2;4;5;1;4;2;3;5;1;1;5;3;4;2;1;4;2;2;4;2;4;4;2;4;1;1;2;2;2;4
MRE;M;Bac+5;['BADR', 'SMCHI', 'SAAD'];3;5;5;5;4;5;4;1;5;4;2;4;4;2;4;5;5;2;4;1;1;1;4;3;4;3;3;3;1;1;1;3;5;3;1;2
MRE;F;Bac+3;['ADIL', 'RIAD'];5;1;1;4;3;5;1;5;3;4;5;4;4;3;1;2;3;4;5;3;5;1;2;1;1;5;3;3;2;4;2;3;2;2;1;1
MRE;M;Doctorat;['Diwanati', 'ADIL'];5;2;1;1;2;1;3;5;5;5;1;3;4;3;3;3;4;2;5;4;5;1;3;2;5;3;1;5;4;4;3;4;5;4;1;1
MRE;M;Bac+5;['ADIL'];1;2;5;4;4;3;3;4;2;5;3;3;1;1;4;5;5;1;1;1;2;3;2;5;2;1;4;5;2;5;4;5;2;4;3;2
MRE;M;Bac;['SAAD', 'Bureau Ordre Digital', 'ADIL'];2;2;1;2;1;4;5;2;3;1;2;1;3;4;1;1;4;4;4;1;3;5;1;3;5;1;5;5;2;1;4;1;2;2;3;1
MRE;M;Bac;['ADIL', 'Bayyan lya', 'SAMID'];4;3;3;1;1;4;2;3;5;4;1;1;5;1;1;3;3;2;5;1;2;4;2;3;1;5;3;5;4;4;3;3;1;1;5;3
MRE;M;Bac+5;['ADIL', 'SAMID', 'Diwanati'];2;1;1;3;1;4;2;5;1;2;2;5;1;5;1;2;2;3;5;1;5;3;5;5;1;2;3;4;1;2;1;5;2;5;1;1
MRE;M;Bac+5;['Bureau Ordre Digital'];2;3;1;2;4;4;4;4;1;5;1;3;3;5;1;1;2;5;5;2;4;1;1;3;2;4;2;1;3;1;2;3;4;3;4;5
MRE;M;Bac+2;['Autre'];4;2;2;4;5;2;3;2;5;4;3;2;2;5;4;2;3;4;4;1;1;1;5;4;5;2;5;1;5;4;4;3;2;3;1;1
MRE;F;Doctorat;['Diwanati', 'SAAD', 'SMCHI'];4;2;2;4;3;2;1;5;4;3;4;5;5;1;5;5;2;4;3;2;2;1;2;2;1;5;3;2;5;4;4;3;5;2;3;2
MRE;M;Bac;['Bureau Ordre Digital', 'Bayyan lya'];1;2;1;2;3;2;5;5;3;4;1;1;3;2;2;3;4;3;5;4;1;4;3;3;3;2;3;3;4;3;2;4;2;2;5;1
MRE;M;Bac+3;['BADR', 'SAMID', 'Autre'];5;2;4;4;2;1;1;5;5;2;4;3;2;2;5;1;3;5;1;2;1;2;3;1;5;2;1;2;3;1;3;1;2;2;3;3
MRE;M;Bac+5;['Bureau Ordre Digital'];1;3;2;1;1;3;3;3;3;2;5;3;5;1;5;3;3;5;4;5;4;3;1;5;2;5;1;4;2;4;1;4;2;2;5;2
MRE;M;Bac+2;['SAMID'];1;1;3;5;4;1;1;1;3;4;1;2;1;3;4;1;5;3;2;5;4;1;1;5;4;3;3;5;5;5;2;5;5;3;1;3
MRE;M;Bac+5;['SAAD', 'SAMID', 'ADIL'];3;5;5;5;3;2;1;5;2;5;2;5;2;5;5;2;4;5;3;5;2;3;1;5;5;5;1;2;1;1;1;5;2;5;1;3
MRE;F;Bac+2;['BADR', 'SMCHI'];2;3;1;5;2;3;3;5;3;3;1;5;4;3;5;3;2;2;4;4;2;2;2;5;4;2;2;5;3;4;3;2;3;2;3;3
MRE;F;Bac+2;['SAAD', 'Bayyan lya', 'Autre'];5;3;1;3;5;2;1;1;5;3;1;3;1;4;5;2;1;5;3;2;3;4;5;2;5;4;5;2;1;2;5;4;4;3;2;3
MRE;M;Bac+3;['SMCHI'];4;4;4;4;4;2;5;1;5;5;1;5;1;3;3;1;3;5;3;2;4;1;3;4;1;5;5;5;5;2;1;1;5;3;2;4
MRE;F;Bac+3;['Diwanati', 'BADR'];3;1;4;5;1;3;4;2;3;3;4;5;4;2;1;5;2;5;4;2;5;2;2;3;2;4;1;2;1;3;3;3;2;3;4;1
MRE;M;Bac+5;['Diwanati', 'Bureau Ordre Digital'];4;2;2;1;3;1;4;4;2;2;4;2;1;2;5;3;3;3;4;2;4;3;2;5;1;1;3;2;3;4;5;4;1;5;3;4
MRE;M;Bac+3;['SAMID', 'SAAD', 'ADIL'];2;5;2;2;1;2;2;1;3;1;2;5;3;5;2;1;2;5;4;1;1;2;5;3;5;1;1;1;5;3;2;4;2;2;3;3
MRE;F;Bac+5;['ADIL', 'BADR', 'SMCHI'];2;5;2;3;1;1;4;1;3;4;1;3;2;1;3;3;4;1;5;2;3;2;5;4;2;1;1;3;2;3;5;4;2;3;2;1
MRE;M;Bac+3;['SAMID', 'BADR'];3;2;2;1;3;4;5;3;2;5;4;2;2;4;5;4;2;3;5;4;1;1;1;3;1;1;4;1;4;2;3;4;3;3;4;5
MRE;M;Bac+5;['SAAD', 'BADR', 'Diwanati'];5;1;2;2;3;5;3;1;1;2;2;3;1;5;1;5;5;4;2;3;3;3;2;2;2;3;3;4;5;1;5;1;1;5;5;1
MRE;M;Bac;['SMCHI', 'SAAD'];2;4;5;4;4;1;1;5;5;1;2;4;2;4;3;1;4;2;2;1;4;1;5;4;3;1;5;1;5;3;4;3;5;4;2;5
MRE;F;Bac+2;['Diwanati', 'SMCHI', 'Bureau Ordre Digital'];5;3;3;5;5;2;4;3;1;4;4;3;3;1;3;2;2;4;4;1;5;3;3;1;2;1;3;2;4;1;1;2;3;3;1;4
MRE;F;Bac+3;['Bureau Ordre Digital', 'SMCHI', 'BADR'];3;5;1;5;1;2;3;5;4;2;3;1;1;1;2;4;1;3;4;5;2;5;4;1;4;4;4;3;3;1;1;5;3;4;2;3
MRE;M;Bac;['Diwanati', 'ADIL'];3;5;5;4;2;2;4;4;2;5;2;3;1;3;4;1;3;3;3;1;4;3;1;2;2;5;3;1;4;5;1;1;5;5;2;3
MRE;M;Bac+5;['SAMID'];4;1;4;1;2;1;4;4;2;2;1;1;1;3;2;3;2;4;3;4;3;1;2;1;2;1;5;4;5;5;4;3;1;2;5;3
MRE;M;Bac+3;['SAAD', 'Diwanati', 'Bayyan lya'];5;2;5;5;3;2;3;5;5;2;1;2;1;2;1;5;3;4;2;3;5;5;5;1;1;4;5;2;2;4;5;4;5;2;5;3
MRE;F;Doctorat;['SAAD'];1;2;4;3;5;4;4;5;5;4;3;5;4;1;1;5;3;3;1;5;5;1;1;5;1;1;3;4;1;3;1;3;1;3;2;2
MRE;M;Bac+3;['Autre', 'SAMID'];3;1;5;5;5;3;5;2;2;4;4;5;2;4;5;5;5;5;2;3;4;5;2;4;4;1;3;4;3;5;3;5;2;5;4;5
MRE;M;Bac+3;['Autre', 'ADIL', 'RIAD'];3;4;3;2;1;4;4;4;4;5;2;1;1;4;2;2;1;2;4;5;2;3;3;3;2;5;5;5;1;5;3;1;1;5;3;3
MRE;M;Bac+2;['Bureau Ordre Digital'];2;3;4;1;3;5;3;5;3;2;3;5;2;5;1;1;3;3;5;3;4;5;4;4;4;5;1;3;5;1;1;4;3;3;3;3
MRE;M;Doctorat;['RIAD'];2;1;5;3;1;5;2;3;3;4;5;2;5;5;3;2;4;5;4;5;1;3;3;2;1;5;4;1;2;1;5;4;4;2;3;2
MRE;M;Bac+3;['Bureau Ordre Digital'];4;4;2;5;5;3;3;5;1;2;3;3;1;3;1;2;4;2;5;1;4;1;5;3;3;4;5;4;4;1;4;2;2;1;4;4
MRE;M;Doctorat;['ADIL', 'RIAD'];2;5;4;5;2;2;2;2;3;2;4;4;3;5;3;2;4;2;5;1;4;1;4;2;1;4;3;2;1;3;5;2;3;4;5;1
MRE;M;Bac+3;['SAMID', 'SAAD', 'Autre'];3;5;2;4;4;5;4;1;1;5;4;2;1;4;3;1;5;2;3;4;1;2;1;2;1;2;5;3;4;1;3;4;2;5;4;1
MRE;M;Bac+5;['BADR'];1;2;5;4;4;1;4;2;3;5;3;3;1;4;5;4;1;3;1;5;2;3;3;1;3;4;5;5;5;1;4;1;2;1;3;2
MRE;M;Bac+3;['Autre'];2;2;5;4;1;5;5;3;5;2;3;2;1;3;3;4;3;4;2;5;1;3;1;4;5;2;3;5;5;1;2;1;3;4;3;3
MRE;M;Bac+3;['BADR', 'ADIL'];5;1;1;3;5;5;5;3;3;4;3;5;3;4;5;3;5;4;2;3;1;2;2;5;2;2;5;5;2;2;1;3;5;3;4;2
MRE;M;Bac+2;['SMCHI', 'SAAD', 'SAMID'];3;2;2;1;3;2;3;2;1;1;1;2;5;3;2;3;3;2;4;2;1;4;5;2;1;4;2;2;2;5;3;2;4;2;3;1
MRE;M;Bac+2;['Diwanati', 'Bureau Ordre Digital', 'Bayyan lya'];3;2;4;5;5;1;1;5;2;2;4;1;2;2;2;4;1;2;2;5;4;1;3;5;2;2;2;5;1;1;5;4;3;2;3;1
MRE;M;Bac+3;['Diwanati'];4;2;1;4;5;1;2;5;1;1;3;3;2;1;5;2;3;1;5;4;5;5;4;3;4;4;2;5;3;1;2;1;3;2;5;3
MRE;F;Bac+5;['SAMID', 'SAAD'];5;2;5;1;2;2;3;2;1;3;3;1;1;3;4;2;3;5;1;2;5;1;4;3;1;1;5;2;1;3;4;5;3;2;4;1
MRE;M;Bac+3;['SMCHI', 'SAAD'];1;3;5;1;4;5;5;2;1;4;1;4;2;5;3;5;5;2;3;1;4;5;5;5;2;5;1;5;2;4;1;4;4;3;1;1
MRE;M;Bac+3;['BADR'];5;1;1;2;3;3;2;2;2;5;5;2;5;2;2;4;5;4;1;5;2;3;2;2;2;4;2;1;3;1;1;4;3;5;3;4
MRE;M;Bac+3;['Bureau Ordre Digital', 'ADIL', 'BADR'];5;3;2;4;4;2;5;3;3;1;4;1;2;2;4;5;5;1;1;5;4;3;2;1;1;5;2;4;5;5;3;5;2;5;2;4
MRE;F;Bac+5;['BADR'];3;5;1;2;1;2;2;1;4;2;3;1;3;4;5;4;5;5;1;3;3;5;1;2;4;3;1;1;1;3;5;2;3;4;4;2
MRE;M;Bac+5;['BADR'];2;2;2;2;5;5;4;5;1;2;5;3;3;1;2;1;4;2;3;4;2;5;2;1;1;4;4;3;1;5;5;5;2;4;2;3
MRE;M;Bac+3;['Bureau Ordre Digital'];5;2;5;4;3;2;2;3;1;5;1;2;2;1;3;4;3;1;2;2;5;5;3;2;2;3;4;5;2;3;1;2;2;3;3;1
MRE;F;Bac+2;['Autre'];5;2;4;1;5;3;4;2;1;5;3;3;4;2;5;4;1;5;4;3;1;3;2;4;5;3;3;1;2;4;3;5;2;1;1;3
MRE;F;Bac+5;['Diwanati', 'RIAD'];2;4;5;3;1;3;4;5;5;3;1;4;3;1;1;3;3;3;1;3;2;2;3;3;2;3;5;3;3;5;5;1;2;4;4;4
MRE;M;Bac+5;['Bureau Ordre Digital'];3;2;4;5;4;4;1;5;5;4;2;5;3;2;4;4;1;3;3;1;3;2;4;1;1;4;4;5;2;1;2;5;2;2;4;5
MRE;M;Bac+5;['Bayyan lya'];5;1;5;4;5;4;3;2;4;4;5;3;5;3;1;4;5;1;5;5;1;4;5;3;2;4;5;4;2;2;5;1;1;2;5;3
MRE;M;Doctorat;['ADIL', 'SAAD', 'Bureau Ordre Digital'];1;4;2;3;1;2;4;5;5;4;5;3;3;3;4;3;1;5;1;4;5;4;4;4;5;4;4;1;5;1;4;1;5;5;3;5
MRE;F;Bac+3;['Bayyan lya'];2;5;5;1;5;2;3;4;2;2;4;4;1;4;5;5;5;2;5;1;5;2;1;4;4;2;4;1;5;4;2;2;1;1;1;1
MRE;M;Bac+5;['RIAD'];4;4;5;1;2;1;1;2;4;3;5;3;1;5;1;2;5;5;5;3;2;2;2;4;2;4;2;5;1;2;5;5;1;3;4;1
MRE;M;Doctorat;['Bayyan lya', 'ADIL', 'SMCHI'];4;2;1;1;1;3;2;4;1;2;1;5;4;4;1;4;1;2;3;4;3;1;3;3;4;2;2;5;4;4;3;5;2;3;2;5
MRE;M;Bac+2;['Bayyan lya'];4;4;4;5;5;4;1;4;3;5;1;4;5;1;1;3;5;1;1;3;5;5;1;4;3;5;4;2;3;5;3;4;2;1;5;5
MRE;M;Doctorat;['BADR', 'ADIL', 'SAAD'];3;5;5;5;4;5;5;4;5;3;3;2;4;3;5;3;3;3;4;4;4;4;4;5;1;5;3;5;3;1;2;2;5;4;4;1
MRE;M;Bac+3;['BADR'];5;1;3;2;3;2;1;2;5;4;2;4;1;2;1;2;3;1;1;4;2;5;3;5;2;2;3;1;2;3;1;3;1;2;4;1
MRE;M;Bac+5;['ADIL', 'Diwanati'];3;3;5;5;1;1;3;3;5;2;3;4;1;5;1;5;2;5;4;1;2;5;2;4;1;5;5;2;3;1;1;2;2;2;4;1
MRE;M;Bac+5;['SMCHI', 'Bureau Ordre Digital', 'ADIL'];2;3;5;1;1;5;1;1;2;2;4;3;5;1;5;5;2;1;2;3;4;2;5;5;1;5;4;3;4;5;5;2;3;2;1;3
MRE;F;Bac+2;['SMCHI'];1;4;4;5;4;1;3;1;4;4;1;4;1;3;1;2;3;3;4;1;5;4;5;2;3;4;4;5;2;4;5;3;3;5;4;4
MRE;M;Bac+2;['SMCHI', 'SAMID'];4;2;3;5;5;2;5;4;1;4;4;3;5;4;5;1;3;2;5;5;2;5;5;3;4;2;2;1;4;3;3;1;4;4;4;2
MRE;M;Bac;['ADIL', 'Bayyan lya'];5;2;5;5;1;4;4;5;2;1;2;4;4;5;3;1;4;1;2;1;5;5;4;2;2;2;3;2;4;1;5;2;5;4;2;1
MRE;F;Bac+2;['RIAD'];5;4;2;5;4;1;4;2;5;4;5;2;2;2;4;3;2;1;2;1;3;1;4;4;2;4;1;3;5;2;4;5;4;5;2;3
MRE;F;Bac+3;['Autre', 'Diwanati'];4;4;5;5;5;3;5;1;3;2;4;1;3;5;2;5;4;5;4;3;2;3;2;3;3;1;3;4;5;3;5;5;5;4;1;2
MRE;M;Bac+3;['RIAD', 'Autre', 'BADR'];1;3;5;5;1;5;3;4;2;2;4;1;5;5;4;1;4;5;1;1;5;2;1;4;4;2;1;3;5;1;2;2;1;5;2;1
MRE;F;Bac+5;['SAAD'];2;4;2;4;1;3;1;1;5;1;5;1;5;1;5;2;5;1;5;5;5;5;2;5;5;5;3;4;5;5;1;5;2;2;4;5
MRE;F;Bac+5;['Bayyan lya'];2;1;2;2;5;5;1;1;1;1;4;5;2;5;2;5;3;2;5;1;1;1;4;1;1;4;2;3;4;2;3;5;3;2;3;4
MRE;F;Bac+3;['Bayyan lya', 'SMCHI'];5;3;1;3;2;5;5;5;5;3;4;1;2;4;5;3;2;2;4;2;5;4;5;5;2;5;1;3;2;4;3;4;4;4;5;3
MRE;F;Bac+3;['Bayyan lya', 'SAAD'];1;3;5;1;5;3;5;3;1;3;2;4;4;3;2;4;5;1;1;5;5;1;4;2;1;2;5;2;5;5;5;2;5;5;5;3
MRE;M;Bac+5;['RIAD', 'BADR'];1;2;1;3;2;5;4;3;5;2;5;5;4;1;2;4;3;1;5;4;3;4;4;1;5;3;1;4;5;4;3;5;2;3;5;2
MRE;F;Bac+2;['SAAD', 'Autre'];3;5;2;3;5;4;2;1;2;3;4;3;1;3;5;1;2;4;2;4;3;3;2;2;3;4;4;3;2;1;2;2;1;2;4;4
MRE;M;Doctorat;['BADR', 'SAMID'];3;1;3;1;2;4;4;5;5;1;2;3;2;4;1;2;4;1;4;4;1;1;1;5;4;1;1;1;1;3;1;5;2;1;2;5
MRE;M;Bac+2;['RIAD', 'SAMID', 'Diwanati'];4;1;4;1;3;3;4;4;4;1;4;4;5;2;2;3;2;4;1;1;2;1;2;4;1;3;4;2;4;2;3;5;1;4;1;5
MRE;M;Bac+2;['BADR', 'Autre'];4;5;1;1;3;3;1;5;5;5;3;4;1;4;1;5;2;2;1;4;5;4;4;4;1;3;3;1;2;1;1;4;4;4;4;2
MRE;M;Bac+3;['Autre', 'Bureau Ordre Digital'];1;2;1;4;5;1;1;3;5;2;1;1;1;3;2;3;4;5;1;4;4;3;2;4;2;4;2;4;4;1;3;3;2;1;1;4
MRE;M;Bac+5;['Autre', 'SAMID', 'SAAD'];5;2;2;2;2;1;5;5;4;1;2;3;4;1;4;1;5;3;5;3;2;2;1;3;1;5;2;3;2;2;5;4;5;3;5;1
MRE;M;Sans Bac;['BADR', 'Diwanati', 'Autre'];1;5;2;1;5;2;5;4;5;4;2;2;2;3;4;2;3;2;5;1;4;5;1;5;3;3;2;4;1;3;1;2;5;2;3;2
MRE;M;Bac+2;['Bureau Ordre Digital', 'BADR', 'Diwanati'];4;3;5;2;5;5;2;3;1;3;5;1;4;3;2;3;5;4;2;3;1;4;2;1;4;4;2;5;1;4;5;4;2;2;5;4
MRE;M;Bac+2;['Autre', 'RIAD', 'SAMID'];3;3;4;3;5;1;2;1;3;2;5;1;1;5;4;1;1;3;5;3;2;4;2;5;4;1;1;5;3;3;1;4;5;5;4;5
MRE;M;Doctorat;['BADR'];3;2;4;3;1;3;4;1;3;4;1;4;3;3;5;4;4;4;2;1;5;5;3;2;3;5;1;4;2;1;4;2;2;5;4;4
MRE;F;Bac+5;['SAMID', 'SAAD', 'SMCHI'];3;3;4;2;1;5;5;2;5;5;5;3;4;2;3;3;5;1;2;1;1;3;2;5;4;1;5;1;5;3;3;4;3;3;3;4
MRE;M;Bac+3;['RIAD'];4;2;5;1;4;5;5;4;1;5;5;3;4;3;1;2;2;1;2;2;3;1;5;4;1;2;1;3;1;2;5;5;5;5;3;2
MRE;M;Bac;['SMCHI'];5;3;1;5;5;2;3;2;4;3;3;1;2;4;2;3;4;2;5;1;3;3;5;4;5;4;2;4;5;1;1;5;1;1;4;2
MRE;F;Bac+3;['Autre'];2;5;4;2;2;1;2;2;2;3;2;3;2;2;5;4;2;1;2;2;5;5;5;1;4;4;2;2;3;3;4;3;4;5;2;2
MRE;M;Bac+3;['SAMID', 'Bayyan lya'];5;3;3;5;1;2;1;5;1;1;4;4;4;4;1;4;4;5;5;1;3;4;5;3;2;3;3;5;2;5;2;3;2;2;4;3
MRE;F;Bac+5;['RIAD'];2;2;1;5;3;5;5;2;3;4;3;3;5;1;4;5;2;4;3;3;2;3;2;3;5;2;1;3;5;2;4;4;5;3;5;4
MRE;M;Sans Bac;['ADIL', 'SAAD'];5;3;2;5;3;1;5;2;5;5;4;3;2;4;2;5;3;1;1;3;2;1;1;5;1;2;5;1;3;5;5;4;4;2;2;2
MRE;F;Bac+2;['Diwanati'];2;5;4;1;3;5;4;3;5;2;3;5;4;2;5;1;3;5;2;4;2;2;1;1;4;2;1;3;1;3;5;2;1;3;4;1
MRE;F;Bac+2;['Autre'];2;1;3;4;3;4;3;2;4;5;4;1;3;3;3;1;2;1;3;2;5;4;4;4;1;1;3;2;4;5;1;1;3;4;3;2
MRE;M;Bac+3;['SMCHI', 'ADIL', 'Bayyan lya'];1;1;2;3;5;3;5;3;4;1;1;2;5;2;5;1;3;2;3;1;2;1;2;1;3;3;2;1;4;5;5;3;2;5;4;4
MRE;M;Bac+5;['Bureau Ordre Digital', 'SMCHI'];1;5;2;2;3;2;1;2;5;2;5;5;2;2;2;4;3;3;1;3;2;5;1;4;4;1;5;5;2;1;5;4;1;5;4;3
MRE;M;Bac;['Autre'];3;4;4;5;3;3;5;1;2;4;2;4;1;5;2;4;3;5;2;3;1;2;2;4;2;1;3;1;5;4;4;1;5;5;2;3
MRE;F;Doctorat;['Bureau Ordre Digital', 'ADIL'];3;4;4;2;1;1;4;3;4;4;1;5;4;5;3;5;4;5;1;1;1;2;2;3;4;3;1;2;5;2;1;1;4;3;2;1
MRE;M;Bac+2;['Bureau Ordre Digital', 'SMCHI', 'ADIL'];2;1;4;3;1;2;5;4;2;5;1;5;4;3;2;5;3;2;3;1;2;5;1;4;3;1;5;5;4;3;5;4;5;4;5;5
MRE;F;Bac+5;['RIAD'];3;1;2;2;2;3;3;2;2;4;3;4;3;1;5;5;2;5;2;5;2;2;4;5;4;3;2;3;2;3;1;3;2;1;2;4
MRE;M;Doctorat;['BADR', 'Bureau Ordre Digital', 'SMCHI'];2;2;2;2;1;3;4;2;4;1;3;4;1;4;2;2;3;4;2;2;2;4;3;1;2;1;3;2;4;5;2;4;4;3;5;1
MRE;F;Bac+2;['SAAD', 'Diwanati', 'BADR'];3;2;1;1;5;2;4;5;5;1;2;3;1;5;4;5;2;5;4;4;2;1;3;5;1;5;1;2;2;1;4;4;4;5;2;1
MRE;M;Bac+5;['SMCHI', 'Autre'];1;5;4;4;3;2;5;3;1;5;2;3;3;2;3;4;4;5;1;4;5;4;4;5;3;4;1;5;5;4;4;1;4;2;4;2
MRE;M;Bac+2;['SAAD', 'Bureau Ordre Digital', 'SAMID'];3;4;3;1;2;3;2;1;5;1;3;3;4;4;2;3;2;2;2;2;5;2;2;5;4;5;1;1;5;1;1;4;4;2;2;3
MRE;M;Bac;['SMCHI', 'Bayyan lya'];4;4;4;1;1;5;4;1;5;5;3;2;4;2;3;1;2;5;3;4;3;4;1;5;5;5;2;3;1;5;4;4;3;4;1;4
MRE;F;Bac+3;['Autre'];3;4;4;1;3;4;3;3;2;3;4;4;5;1;4;3;1;2;4;4;2;5;1;4;4;1;4;2;2;1;4;4;2;4;3;2
MRE;M;Bac+3;['BADR', 'SAAD', 'ADIL'];3;2;3;4;3;1;3;4;2;1;5;4;5;5;4;3;4;5;1;3;3;2;4;1;2;1;1;3;1;3;1;4;3;1;2;2
MRE;F;Bac+5;['SAMID', 'Diwanati', 'Bureau Ordre Digital'];2;5;3;2;1;1;5;4;4;3;4;5;2;5;5;5;5;3;5;4;3;4;4;1;2;5;5;1;5;3;4;5;3;2;3;1
MRE;M;Bac+5;['SAMID', 'ADIL'];4;1;1;1;5;4;4;1;5;1;2;4;5;1;2;5;5;4;3;2;4;3;2;3;1;4;5;4;3;1;2;5;3;2;4;3
MRE;M;Doctorat;['SMCHI', 'BADR'];5;2;5;4;2;4;2;4;1;5;1;3;1;3;3;1;5;2;5;5;3;2;3;1;4;1;4;3;5;2;2;1;1;5;4;4
MRE;M;Bac+5;['ADIL'];5;2;2;1;2;5;5;1;4;5;2;1;3;5;5;3;5;1;2;1;3;5;4;4;4;5;4;5;5;4;3;4;1;2;4;2
MRE;M;Bac;['BADR', 'SMCHI'];1;5;4;4;1;4;1;4;5;3;3;3;3;4;5;2;4;4;3;5;3;2;4;2;2;1;1;2;5;5;4;4;1;5;4;3
MRE;M;Bac+5;['SAMID'];4;2;5;3;3;5;3;5;1;2;1;2;1;2;2;1;5;2;4;4;5;5;2;5;2;4;3;2;2;4;2;2;5;2;3;2
MRE;M;Bac+5;['Diwanati'];2;4;3;2;4;2;4;3;5;1;5;1;1;3;4;3;3;5;4;3;1;5;4;3;2;1;2;5;1;3;3;5;3;2;5;3
MRE;F;Bac+2;['RIAD', 'Bayyan lya'];3;3;3;1;5;4;2;1;2;2;2;1;3;4;3;1;5;4;5;3;2;4;5;3;3;4;3;3;3;5;2;2;3;2;4;2
MRE;M;Bac+5;['Autre', 'RIAD'];5;2;3;2;4;1;5;3;4;3;2;4;4;5;1;2;5;5;5;3;4;2;1;3;2;2;4;3;2;3;2;2;5;5;1;5
MRE;M;Bac+5;['Bureau Ordre Digital', 'Autre', 'RIAD'];2;4;4;5;3;2;4;4;3;3;1;1;5;5;3;3;2;1;4;1;2;3;3;4;4;5;4;5;3;3;3;4;3;2;5;2
MRE;M;Sans Bac;['Autre', 'RIAD', 'ADIL'];2;3;3;3;3;3;1;3;1;2;3;3;1;1;1;5;3;4;5;1;5;3;4;5;5;1;4;1;5;4;5;3;3;5;3;4
MRE;F;Bac+3;['SAAD'];4;5;4;4;5;1;4;5;4;4;2;2;1;3;1;5;5;3;1;1;1;5;4;4;2;4;2;2;5;1;4;5;2;1;2;4
MRE;F;Bac+5;['Diwanati', 'Bayyan lya'];5;4;1;3;2;3;5;5;3;1;2;5;4;3;1;3;5;4;4;4;3;2;3;5;2;1;3;4;3;4;2;2;1;1;1;1
MRE;F;Bac+3;['RIAD'];2;1;2;3;5;3;2;4;5;4;5;2;4;3;1;4;3;1;2;2;3;3;3;5;2;2;4;5;5;4;1;4;3;3;4;2
MRE;M;Bac+5;['ADIL', 'SAAD', 'Diwanati'];5;4;5;3;3;1;2;1;4;1;2;3;5;5;1;1;1;3;5;2;3;5;5;5;5;5;1;2;4;5;4;5;4;5;5;1
MRE;M;Bac;['BADR', 'RIAD', 'Bayyan lya'];1;2;5;5;4;4;5;3;5;5;5;3;2;2;2;2;2;2;5;2;2;1;3;3;5;4;3;5;5;2;3;2;3;3;4;2
MRE;M;Bac+5;['RIAD', 'SAMID'];2;5;3;2;1;1;2;1;1;2;3;2;4;5;1;3;1;4;2;2;5;3;3;1;2;4;1;4;5;1;2;2;2;1;2;3
MRE;M;Bac+2;['Autre', 'Bayyan lya', 'SAMID'];4;1;5;2;5;4;1;5;3;2;5;3;5;3;3;1;2;5;4;1;4;2;1;3;5;2;1;4;1;2;1;4;5;2;4;2
MRE;M;Doctorat;['Diwanati', 'Bureau Ordre Digital', 'Autre'];5;2;5;5;1;3;4;4;2;5;2;4;5;4;3;1;4;1;2;1;1;2;3;2;3;3;2;2;4;5;4;1;3;2;1;4
MRE;M;Bac+5;['BADR'];1;5;2;2;5;1;5;4;3;4;4;5;4;2;1;1;3;1;5;5;2;2;4;1;4;5;1;3;3;4;5;4;3;1;4;2
MRE;M;Sans Bac;['SMCHI'];3;3;2;2;3;4;4;4;3;1;5;1;1;4;4;2;1;4;1;2;5;3;1;1;4;4;2;1;1;1;2;5;4;1;4;5
MRE;M;Bac+3;['SAAD', 'Bayyan lya', 'SMCHI'];3;2;4;2;5;2;3;3;4;2;3;1;1;5;2;3;4;5;4;5;4;3;4;5;3;3;1;1;5;1;2;1;1;4;2;4
MRE;F;Doctorat;['Bureau Ordre Digital', 'Autre'];1;4;5;1;2;2;4;2;3;4;3;1;4;2;3;2;2;3;1;1;4;2;4;5;2;2;3;2;3;4;4;1;3;4;3;2
MRE;M;Sans Bac;['Bayyan lya', 'SAAD'];4;5;2;5;2;4;3;3;5;5;5;1;5;1;5;1;2;1;1;4;1;5;5;1;2;2;3;5;3;4;1;2;3;5;4;2
MRE;F;Bac+5;['Bureau Ordre Digital', 'RIAD'];3;3;4;4;3;1;3;3;2;2;3;3;2;5;2;3;2;3;5;1;5;5;5;4;3;2;3;3;5;5;5;4;2;2;4;4
MRE;M;Doctorat;['RIAD', 'SMCHI', 'SAMID'];2;2;5;5;3;5;2;3;3;5;5;4;5;3;4;5;4;5;4;3;3;3;4;1;1;4;1;2;5;4;5;3;3;5;5;1
MRE;M;Doctorat;['RIAD'];3;2;4;5;5;5;2;3;5;2;4;3;2;1;5;1;3;1;1;4;3;4;5;1;3;3;1;3;4;4;4;5;4;2;2;2
MRE;F;Bac+5;['BADR', 'RIAD'];2;2;4;3;5;5;3;3;1;1;5;2;4;5;3;4;2;3;5;3;1;5;3;4;3;2;2;1;5;4;2;3;5;3;1;4
MRE;F;Sans Bac;['SAAD', 'Bureau Ordre Digital'];3;1;4;2;2;3;3;3;2;1;3;4;5;4;1;1;3;5;5;5;1;2;1;4;4;4;4;5;4;3;4;3;3;3;3;1
MRE;M;Bac+5;['ADIL', 'BADR'];2;4;5;1;1;3;3;5;4;2;5;2;5;1;1;1;1;2;4;1;2;1;3;3;3;2;4;2;4;5;4;3;2;2;1;3
MRE;M;Bac+3;['RIAD', 'SAMID'];5;5;1;1;3;5;2;1;1;3;1;2;5;4;1;3;2;4;2;4;2;3;4;2;1;1;2;2;4;5;1;1;1;4;1;4
MRE;M;Bac+2;['Bureau Ordre Digital'];4;1;1;5;1;5;1;3;2;2;5;3;3;2;3;2;5;4;2;4;2;1;1;2;2;4;2;3;4;1;2;5;2;2;1;1
MRE;M;Bac+2;['Autre', 'SAAD'];5;2;5;5;3;4;1;2;2;2;4;3;3;2;1;5;1;4;3;3;1;3;5;3;2;2;1;3;4;5;1;5;4;3;3;5
MRE;M;Bac+5;['SAMID'];1;5;3;4;2;2;2;5;3;4;1;1;1;4;3;3;5;3;3;5;4;5;4;3;5;4;5;2;1;2;3;2;5;3;4;5
MRE;M;Bac+2;['SAAD', 'SAMID', 'SMCHI'];4;3;2;4;5;2;4;5;1;2;1;3;1;4;2;5;1;3;2;2;3;2;2;1;5;4;2;2;1;4;2;5;5;5;2;4
MRE;M;Bac+2;['RIAD', 'Bureau Ordre Digital', 'ADIL'];2;4;3;5;1;2;3;2;5;5;5;1;2;4;1;2;2;5;2;2;3;2;4;2;5;3;3;2;3;3;1;3;5;2;3;1
MRE;M;Bac+5;['Bayyan lya'];2;2;5;1;5;1;3;5;3;5;3;2;2;3;5;4;2;3;2;1;2;1;3;3;1;2;4;2;1;4;1;2;4;4;1;3
MRE;F;Bac+5;['Diwanati'];5;1;2;5;2;4;3;2;4;1;4;2;1;4;3;2;4;1;4;4;2;3;2;5;1;1;4;1;1;5;4;3;2;5;4;2
MRE;M;Bac+5;['Bayyan lya', 'RIAD'];1;2;5;2;4;2;4;2;2;2;4;5;1;3;1;5;1;3;3;1;2;3;4;1;4;1;4;4;3;1;4;5;5;2;3;4
MRE;M;Bac+2;['Bayyan lya'];4;3;2;3;4;4;4;5;5;3;4;1;2;5;5;1;2;5;3;2;3;1;2;1;1;1;4;1;4;2;3;3;2;2;2;1
MRE;M;Doctorat;['Bureau Ordre Digital'];5;1;1;2;2;3;1;3;1;3;5;2;5;3;5;2;4;3;2;3;2;3;2;5;2;5;3;3;3;1;2;3;5;1;5;4
MRE;M;Bac+2;['Bureau Ordre Digital', 'ADIL', 'BADR'];3;3;3;1;4;3;1;2;1;2;5;1;3;3;1;2;1;2;1;2;4;2;2;3;3;3;5;1;5;3;5;1;2;5;5;4
MRE;M;Doctorat;['Bayyan lya', 'RIAD'];5;1;3;5;3;4;3;3;1;3;4;4;2;4;2;5;3;5;2;3;2;3;4;1;3;2;1;3;3;3;1;4;1;5;3;4
MRE;F;Bac+3;['Bureau Ordre Digital', 'ADIL', 'Bayyan lya'];4;4;4;1;2;3;5;4;3;5;3;5;1;3;2;2;4;5;2;3;1;5;1;4;4;3;1;5;1;3;3;4;1;4;3;1
MRE;M;Bac+5;['SAMID', 'SAAD'];1;1;3;4;2;5;4;3;3;5;1;4;5;5;2;2;5;1;5;3;3;5;3;5;2;2;2;5;5;2;2;1;2;5;3;4
MRE;F;Bac+5;['BADR', 'ADIL'];2;2;1;1;4;4;5;1;1;1;4;3;3;5;4;1;3;2;3;4;3;3;5;2;2;4;1;4;5;5;1;5;1;1;3;5
MRE;M;Bac+5;['ADIL', 'SMCHI'];2;4;5;4;5;4;2;5;2;3;3;4;3;1;3;2;2;5;4;3;4;3;5;4;2;3;1;4;2;2;5;2;2;3;5;1
MRE;F;Bac;['Bayyan lya'];1;3;2;4;4;5;4;5;5;4;3;3;2;4;2;5;1;2;4;3;5;2;5;5;3;1;1;1;1;5;5;1;3;3;2;5
MRE;F;Bac;['SMCHI', 'Diwanati'];3;4;1;1;3;3;5;5;3;3;3;2;2;2;2;2;1;5;1;4;2;2;4;3;1;2;1;2;1;4;5;3;5;3;3;3
MRE;M;Bac+5;['Diwanati', 'Bureau Ordre Digital'];3;1;3;2;5;5;3;5;1;3;1;1;2;5;1;2;2;1;2;4;5;1;1;4;5;5;4;3;5;3;2;2;1;3;1;1
MRE;M;Doctorat;['SAMID', 'Bureau Ordre Digital', 'RIAD'];1;4;5;1;3;1;3;2;3;2;1;5;4;3;5;3;4;2;5;4;2;3;2;3;2;2;5;1;2;3;3;5;3;5;4;1
MRE;F;Doctorat;['BADR'];4;5;5;4;1;5;2;2;3;3;3;4;2;4;1;5;4;4;1;1;4;4;5;4;4;3;5;4;4;2;2;4;4;3;3;5
MRE;M;Sans Bac;['Autre', 'SAMID', 'BADR'];3;1;5;2;3;1;1;1;4;4;3;2;4;3;3;4;1;1;4;1;3;4;2;2;2;3;2;3;3;1;4;2;1;5;4;3
MRE;M;Bac+5;['Diwanati'];4;1;5;1;3;1;4;3;4;1;3;3;1;1;4;4;4;3;3;2;3;1;5;4;3;5;5;1;4;3;2;3;3;2;5;3
MRE;F;Bac+2;['RIAD'];3;1;3;4;2;3;3;1;1;2;1;1;4;2;2;5;3;1;1;3;4;3;2;3;4;2;1;4;5;5;4;4;1;2;4;1
MRE;M;Bac+3;['SMCHI'];5;1;4;5;2;3;5;5;3;3;2;4;2;5;5;4;3;5;5;3;5;3;2;4;2;2;4;1;1;3;2;5;2;2;1;1
MRE;M;Bac+2;['Autre'];4;3;2;5;3;4;3;2;3;3;2;2;2;4;5;2;1;3;1;1;4;4;2;1;1;1;3;4;4;2;1;1;1;3;5;1
MRE;M;Sans Bac;['Diwanati', 'SAAD'];3;1;5;1;4;4;5;5;3;4;3;3;4;4;5;1;5;3;2;1;5;2;2;1;2;4;4;3;4;1;2;4;1;3;4;2
MRE;M;Bac+3;['ADIL', 'Autre'];5;1;5;4;5;2;5;5;1;4;3;3;3;3;5;2;5;2;2;4;3;1;4;2;4;5;1;2;2;3;1;3;3;4;1;1
MRE;F;Bac+3;['Autre', 'Bayyan lya'];5;3;5;2;5;1;3;5;3;2;3;5;2;4;1;4;1;2;5;1;4;5;4;3;5;2;1;1;1;5;2;5;2;1;5;1
MRE;M;Bac+3;['SAMID', 'SMCHI', 'ADIL'];2;3;5;4;5;2;4;4;3;4;5;1;3;3;2;2;5;2;4;1;1;4;4;4;1;4;5;3;4;1;5;1;4;3;2;5
MRE;M;Sans Bac;['SAAD'];2;1;1;5;3;3;3;4;2;2;1;2;4;4;3;2;1;3;4;5;4;4;5;2;5;1;4;3;1;1;2;3;2;1;2;4
MRE;F;Bac+5;['SMCHI'];3;2;3;5;5;1;3;2;1;3;4;5;1;4;1;2;3;3;5;4;2;1;1;5;3;4;3;4;2;5;4;1;4;1;4;2
MRE;M;Bac+2;['BADR', 'Diwanati', 'SMCHI'];1;3;1;4;3;4;3;4;1;5;1;5;2;1;5;2;4;1;1;1;1;1;3;2;4;1;5;4;4;3;2;3;2;2;1;1
MRE;M;Doctorat;['Bureau Ordre Digital', 'Diwanati'];1;5;3;2;1;5;1;3;3;5;1;4;3;4;5;1;1;5;1;2;5;2;1;1;5;1;3;2;5;1;2;2;2;2;3;2
MRE;F;Bac+3;['ADIL', 'Diwanati', 'SAMID'];5;2;4;2;1;3;2;4;5;3;3;2;3;2;5;1;2;4;1;1;2;1;4;2;2;4;1;4;2;4;3;4;2;1;4;3
MRE;F;Bac+2;['Bureau Ordre Digital', 'RIAD'];4;5;2;4;4;2;2;2;5;5;4;1;4;4;2;3;1;5;4;4;3;2;3;5;2;5;1;4;5;2;2;3;3;3;5;5
MRE;M;Bac+3;['SMCHI'];4;2;3;2;5;1;5;1;5;4;1;2;3;2;1;4;4;1;4;3;1;1;3;3;5;3;2;3;2;2;5;1;1;3;3;5
MRE;F;Sans Bac;['SAMID', 'Bureau Ordre Digital', 'ADIL'];3;2;2;4;3;1;3;2;1;5;2;2;2;1;2;4;3;2;2;4;3;5;3;3;2;2;4;4;5;1;5;2;3;4;2;5
MRE;M;Bac+3;['Autre'];3;4;2;5;1;5;5;3;5;1;5;2;5;2;3;2;3;5;1;1;1;4;2;2;5;3;5;3;1;5;4;2;1;5;3;2
MRE;F;Bac+3;['Bayyan lya', 'BADR'];4;1;5;4;4;4;1;2;3;5;4;2;4;1;1;3;3;4;5;3;1;2;1;5;3;4;2;2;2;4;2;5;5;4;5;2
MRE;M;Doctorat;['Bayyan lya', 'Bureau Ordre Digital', 'SAAD'];1;4;3;4;3;1;4;3;4;1;1;4;2;5;1;4;3;2;2;4;5;4;3;1;1;1;3;3;2;5;3;2;2;1;4;3
MRE;M;Bac+5;['Diwanati', 'Bayyan lya'];1;2;1;2;3;1;2;5;3;3;5;1;1;1;1;2;3;4;5;1;3;1;5;1;5;5;3;5;3;2;3;5;1;1;4;4
MRE;M;Bac+5;['SAAD', 'Bayyan lya'];4;5;3;3;2;3;5;1;4;1;2;1;3;5;3;1;3;3;1;4;4;1;3;2;2;4;2;3;5;3;2;4;3;1;4;3
MRE;F;Bac+3;['SAMID', 'SAAD', 'SMCHI'];3;4;2;4;4;4;2;4;1;5;1;4;2;3;2;4;2;2;1;4;5;3;5;3;3;3;5;3;3;2;2;3;2;3;5;3
MRE;M;Bac+2;['Bayyan lya', 'Autre', 'RIAD'];5;4;3;3;2;4;4;1;3;1;4;4;5;4;2;5;1;1;2;3;4;4;1;1;4;1;3;5;4;4;4;5;2;1;5;1
MRE;M;Sans Bac;['Bayyan lya', 'BADR', 'Bureau Ordre Digital'];1;1;5;4;2;1;4;1;4;4;2;5;5;5;4;2;3;5;4;2;3;1;2;3;3;3;4;3;5;3;2;2;2;3;4;5
MRE;M;Bac+5;['ADIL', 'SMCHI'];5;5;3;3;5;4;1;3;4;4;1;2;5;5;3;3;5;5;4;4;3;4;4;1;3;5;5;2;1;2;2;1;5;2;4;4
MRE;F;Bac+5;['Autre', 'BADR', 'RIAD'];3;3;3;4;5;5;2;4;4;4;1;5;4;4;1;2;1;5;4;2;3;4;5;1;4;5;5;2;3;5;4;3;5;3;1;3
MRE;M;Bac+3;['SAAD', 'Autre', 'SMCHI'];1;4;3;5;4;1;4;3;2;1;5;1;5;2;2;2;2;3;1;3;3;3;5;4;5;4;4;1;1;3;5;4;2;3;2;5
MRE;M;Bac+2;['RIAD', 'Bureau Ordre Digital', 'ADIL'];4;2;1;3;1;5;5;3;3;2;3;5;3;3;5;1;5;2;5;1;4;5;2;2;3;1;1;1;4;3;2;1;4;1;2;4
MRE;F;Bac;['Diwanati', 'Autre', 'BADR'];1;3;1;5;3;2;4;3;4;2;2;2;1;1;3;2;5;4;3;2;1;2;3;1;4;1;2;1;1;5;4;3;4;4;5;1
MRE;M;Bac+3;['SAAD', 'BADR'];4;1;1;3;2;3;3;1;4;5;3;1;1;4;4;2;3;3;3;3;2;2;2;4;3;5;1;2;3;1;2;2;5;4;5;2
MRE;M;Bac+5;['Bureau Ordre Digital'];4;1;1;1;1;5;1;3;4;5;3;3;5;5;1;5;1;5;4;3;4;3;1;1;5;1;1;5;1;1;3;1;4;1;5;4
MRE;F;Bac+3;['Autre'];1;4;3;3;2;2;1;5;4;5;5;3;3;5;1;4;4;5;3;1;1;1;1;3;3;1;4;2;2;5;3;5;5;5;1;2
MRE;M;Bac+2;['SMCHI', 'Bureau Ordre Digital', 'BADR'];3;3;5;1;4;3;5;4;1;5;4;4;4;3;2;1;2;5;2;5;1;1;3;3;3;3;1;4;2;1;2;1;4;1;3;4
MRE;M;Bac+2;['SAMID', 'BADR'];2;1;1;3;5;1;5;5;3;5;2;5;2;5;5;3;4;5;5;2;2;2;4;4;4;3;3;5;5;4;3;4;3;3;4;4
MRE;M;Bac+5;['BADR'];1;5;3;4;4;5;4;3;1;4;3;4;5;1;1;5;3;3;5;4;2;4;5;4;2;2;5;3;4;5;3;3;1;5;1;1
MRE;F;Bac+2;['BADR', 'SAAD', 'Autre'];5;1;1;1;4;1;2;5;5;4;4;2;1;2;1;2;5;2;3;1;3;1;1;1;2;1;2;5;2;1;4;3;2;2;5;2
MRE;F;Bac;['Autre'];5;2;2;4;3;2;3;4;3;1;2;1;3;3;4;4;3;5;3;4;1;3;5;4;3;2;2;4;3;2;2;4;1;4;3;2
MRE;M;Bac+3;['ADIL', 'Autre'];3;1;1;4;2;3;1;5;2;2;4;2;5;1;1;3;5;2;1;3;2;4;5;1;1;5;1;3;1;3;2;5;2;2;2;2
MRE;M;Bac;['ADIL'];1;3;4;3;5;1;1;1;4;2;4;2;4;5;3;5;4;1;1;1;4;4;2;2;5;3;3;3;5;2;5;3;3;2;2;1
MRE;M;Bac+3;['Diwanati'];3;5;3;2;2;4;3;4;2;5;1;4;4;3;1;1;3;5;2;1;1;2;4;1;5;3;1;3;3;2;4;4;3;3;3;5
MRE;F;Bac+5;['Bureau Ordre Digital', 'RIAD'];4;1;2;4;1;2;4;2;5;3;4;2;4;4;5;3;1;1;1;2;2;5;5;4;4;5;2;5;1;3;3;2;2;3;4;4
MRE;F;Bac+5;['SAAD', 'SAMID'];5;5;5;2;2;3;4;1;2;3;2;4;4;3;1;4;5;2;5;2;1;1;4;4;3;4;5;2;3;1;1;2;4;5;1;1
MRE;M;Doctorat;['SAMID', 'Autre'];4;4;1;2;5;5;5;5;2;3;2;5;4;3;4;5;1;2;1;5;3;2;4;5;5;4;2;1;2;1;2;5;3;2;2;5
MRE;F;Bac+3;['SAAD'];3;1;3;4;5;5;3;2;2;4;1;3;3;1;5;2;5;2;3;3;3;5;3;5;1;5;5;3;5;2;1;4;2;3;5;3
MRE;F;Bac+3;['BADR', 'Autre'];3;5;3;2;4;2;3;3;3;3;5;5;4;4;1;2;5;5;2;4;5;2;4;2;3;2;5;5;1;1;1;5;4;2;2;1
MRE;M;Bac+5;['SAAD', 'Bayyan lya', 'Bureau Ordre Digital'];3;2;2;1;3;1;1;3;4;2;5;2;5;3;4;3;1;4;2;5;4;5;3;5;2;5;1;3;1;2;2;2;3;4;1;5
MRE;M;Bac+5;['Bayyan lya'];2;3;2;5;2;4;2;2;2;4;2;1;1;5;1;3;4;4;1;2;2;3;3;1;1;5;1;4;4;4;3;1;1;3;1;3
MRE;M;Bac+2;['BADR'];3;2;1;3;2;5;3;3;5;1;5;2;3;5;5;4;5;1;1;2;4;4;1;5;4;2;3;2;4;2;2;2;4;4;5;3
MRE;M;Bac+2;['SMCHI', 'ADIL'];1;5;3;1;5;1;1;3;1;1;5;4;1;4;4;4;5;2;2;5;2;3;5;2;1;5;5;3;4;3;4;5;4;2;3;2
MRE;M;Bac+3;['RIAD', 'Bureau Ordre Digital'];4;2;2;2;5;3;2;3;1;2;4;3;3;4;3;2;5;5;3;1;4;3;4;3;2;2;3;3;4;2;4;4;4;4;2;3
MRE;M;Bac+2;['Bayyan lya', 'Diwanati', 'SAMID'];4;1;1;1;1;5;3;4;2;2;5;1;4;5;2;1;4;1;3;1;2;5;3;2;2;3;3;5;3;2;1;4;1;3;2;2
MRE;M;Bac+5;['Bayyan lya', 'Diwanati', 'Autre'];4;3;4;5;4;4;3;1;5;1;2;1;4;3;3;2;4;2;3;3;1;5;5;5;1;5;4;2;2;4;2;2;1;4;3;2
MRE;F;Bac+5;['SMCHI', 'BADR'];1;3;3;4;4;1;3;3;2;5;2;3;4;2;1;4;3;2;2;1;5;1;1;1;4;2;3;4;1;5;4;5;2;5;2;3
MRE;M;Bac;['Bureau Ordre Digital'];1;4;4;3;5;5;5;2;2;2;5;5;3;2;2;1;3;3;2;1;2;5;1;1;5;4;5;3;3;2;1;5;1;2;3;3
MRE;M;Bac;['Diwanati'];3;4;2;1;4;2;4;2;1;3;2;2;1;3;4;1;4;4;4;3;4;4;3;3;4;2;3;5;3;4;3;4;2;4;2;4
MRE;M;Bac+2;['SAAD'];2;3;2;1;4;5;4;3;2;2;5;1;4;5;1;3;2;2;1;2;2;3;4;1;4;4;4;1;1;2;4;2;1;4;2;4
MRE;F;Bac+5;['SAAD', 'ADIL'];3;3;1;5;1;5;4;2;4;1;4;4;2;5;1;3;1;3;2;2;2;2;3;5;1;4;2;5;3;5;5;3;5;5;4;4
MRE;F;Bac+2;['SAMID'];3;5;1;5;5;1;1;3;1;4;3;3;3;2;1;5;2;5;5;5;3;2;2;5;5;2;3;4;4;4;4;4;1;2;2;3
MRE;F;Bac+5;['Bayyan lya'];4;1;3;2;1;3;4;3;1;1;2;3;3;2;2;5;5;3;2;4;5;2;2;2;5;2;1;2;1;1;2;4;2;2;4;5
MRE;F;Bac+5;['SMCHI', 'Autre', 'ADIL'];4;3;4;2;5;5;2;2;2;5;2;1;5;2;5;4;3;1;5;3;5;1;5;5;4;3;2;2;4;1;5;2;2;5;1;4
MRE;M;Bac+5;['SMCHI', 'Autre', 'RIAD'];4;3;2;1;5;1;1;3;5;1;4;4;3;3;4;5;1;3;5;2;3;5;5;4;3;1;4;1;3;2;5;5;4;4;3;5
MRE;M;Bac+2;['RIAD', 'SAAD', 'Diwanati'];3;4;5;5;5;3;1;5;1;1;4;2;3;2;3;3;4;4;4;1;5;2;4;5;2;2;3;4;1;1;5;4;3;2;4;2
MRE;F;Bac+5;['SAAD', 'Autre', 'RIAD'];2;1;2;1;3;2;3;4;4;1;2;5;2;3;3;3;3;5;5;1;5;2;2;2;2;3;2;3;4;4;2;3;3;3;3;1
MRE;M;Bac+3;['SMCHI'];1;2;4;1;1;3;3;3;2;3;3;4;3;2;2;4;4;3;2;5;2;3;1;2;3;3;1;4;2;5;2;4;1;3;1;4
MRE;M;Bac+2;['SMCHI'];4;4;5;1;3;5;1;4;5;4;1;4;2;5;2;3;5;5;3;5;4;2;2;1;1;1;1;5;5;5;4;3;4;3;1;2
MRE;M;Bac+3;['Autre', 'SAMID', 'RIAD'];1;5;2;2;3;3;3;1;1;5;2;2;2;1;5;5;4;5;2;5;1;2;5;5;5;2;2;4;4;4;2;1;1;3;4;4
MRE;M;Sans Bac;['SAMID', 'Bureau Ordre Digital', 'Autre'];4;4;1;1;4;4;5;3;2;2;5;3;5;3;4;4;5;5;3;5;5;5;1;2;2;2;4;4;1;1;5;1;4;3;1;2
MRE;M;Bac+5;['Diwanati'];1;3;1;4;5;5;1;1;5;1;1;3;1;2;1;1;3;3;5;3;4;2;5;1;1;4;2;1;3;3;2;1;2;5;4;3
MRE;M;Bac+3;['SAAD', 'Bayyan lya', 'SAMID'];5;2;1;5;1;3;5;4;4;1;5;5;3;3;3;2;4;2;1;5;4;1;4;4;4;3;1;5;3;5;2;2;2;4;1;3
MRE;F;Bac+3;['BADR'];4;1;2;4;3;1;3;3;5;1;1;2;1;1;4;5;2;5;5;4;1;3;3;1;1;4;5;4;1;4;5;4;4;3;5;2
MRE;M;Bac+3;['Bayyan lya', 'Bureau Ordre Digital', 'Autre'];2;2;4;4;5;4;2;3;2;2;3;2;2;2;4;1;5;1;2;4;1;5;1;4;1;1;4;2;2;4;3;5;3;1;3;5
MRE;F;Bac+2;['Diwanati'];2;4;5;2;5;2;3;2;4;2;4;1;2;1;4;1;4;4;2;2;5;2;3;5;5;1;4;5;2;1;1;3;1;3;5;5
MRE;M;Bac+5;['RIAD', 'Bureau Ordre Digital', 'Diwanati'];5;5;1;2;3;1;5;4;2;4;5;4;3;3;2;2;5;2;5;5;5;5;4;4;3;3;5;3;1;3;1;2;2;1;2;2
MRE;M;Sans Bac;['SMCHI', 'SAAD'];5;2;2;1;3;2;2;1;2;3;2;4;3;5;3;4;2;2;1;2;1;3;2;5;1;5;1;4;2;4;1;3;4;3;5;1
MRE;M;Bac+5;['SAAD', 'Diwanati', 'Autre'];2;4;5;5;5;2;4;3;1;1;1;2;4;2;3;2;5;5;1;5;1;2;4;2;1;2;4;5;4;3;2;2;1;5;5;2
MRE;M;Bac+3;['ADIL', 'Autre', 'SAAD'];1;2;1;5;5;3;3;2;1;1;4;1;5;2;1;3;5;1;2;2;2;2;2;2;2;3;5;5;4;5;4;1;1;4;2;5
MRE;M;Bac;['ADIL'];4;5;3;3;1;2;2;1;4;4;4;3;5;3;5;1;5;5;2;3;5;1;3;5;3;1;1;5;3;5;5;5;5;3;2;4
MRE;M;Sans Bac;['SAMID', 'BADR', 'ADIL'];1;1;1;2;4;5;4;2;3;3;3;2;2;2;3;4;5;2;3;4;4;4;3;1;5;4;2;5;5;5;4;2;4;3;1;3
MRE;F;Sans Bac;['BADR', 'Diwanati', 'Bayyan lya'];2;1;1;4;1;4;4;1;4;3;3;5;5;5;3;5;1;4;3;2;4;1;2;1;1;3;3;1;1;1;5;1;4;3;2;3
MRE;F;Bac+5;['SMCHI', 'ADIL'];5;5;4;2;5;5;1;1;4;2;4;3;2;1;4;3;1;4;4;5;2;4;4;3;3;5;3;4;5;4;2;1;1;1;1;2
MRE;F;Sans Bac;['RIAD'];1;5;2;2;3;4;2;5;1;4;2;3;4;1;3;5;3;1;2;5;3;3;1;4;4;1;3;4;5;5;1;2;3;4;5;2
MRE;F;Doctorat;['BADR'];3;4;3;1;5;3;3;5;5;1;2;1;3;2;5;2;2;1;5;4;1;3;3;1;4;4;1;3;3;3;5;3;4;1;1;1
MRE;M;Doctorat;['Autre'];5;2;1;1;5;5;5;3;4;4;1;5;3;1;3;5;5;1;4;2;4;2;3;3;3;4;1;1;3;2;3;4;5;4;1;5
MRE;M;Bac+5;['Bureau Ordre Digital', 'BADR'];2;2;3;3;4;2;2;3;1;3;4;1;5;5;3;4;4;5;5;3;4;5;3;5;5;4;1;4;1;5;1;3;4;2;1;4
MRE;M;Bac+2;['SAMID', 'RIAD', 'Bayyan lya'];4;1;3;1;4;2;3;4;5;4;5;4;1;2;5;3;4;2;5;2;2;4;2;4;1;4;4;3;5;1;4;4;3;1;2;4
MRE;F;Bac+3;['SAAD', 'Bayyan lya', 'BADR'];3;5;5;1;5;3;2;2;1;4;2;2;3;5;4;1;2;3;1;5;5;1;2;2;3;3;5;1;5;2;4;3;3;1;5;3
MRE;M;Bac+5;['BADR', 'SAMID', 'Bureau Ordre Digital'];4;4;5;2;4;4;3;5;1;1;3;4;5;4;5;1;5;1;1;2;5;3;5;5;2;1;1;4;2;2;2;2;1;3;3;2
MRE;F;Bac+2;['BADR'];5;1;2;1;3;4;1;3;5;4;3;1;5;4;2;2;5;3;1;1;1;5;3;1;2;1;3;1;1;4;5;4;3;4;1;1
MRE;F;Bac;['ADIL', 'RIAD'];3;2;5;3;4;1;3;2;4;1;5;1;5;1;2;5;1;5;5;3;4;1;4;3;4;2;2;4;5;5;5;5;1;5;3;5
MRE;M;Bac+3;['Diwanati', 'SAAD', 'RIAD'];2;4;1;3;5;2;5;1;1;5;4;1;3;5;2;4;3;4;3;2;1;4;5;3;1;2;4;4;2;1;2;5;1;1;2;3
MRE;M;Bac+5;['SMCHI'];3;4;5;1;1;1;3;1;5;1;4;4;5;5;5;4;1;5;3;1;4;4;5;5;5;1;4;1;1;3;3;5;2;5;5;2
MRE;F;Bac+5;['RIAD', 'SAMID'];1;1;1;3;2;1;5;2;2;4;5;4;3;5;1;2;3;4;1;2;3;4;3;3;5;5;4;1;2;2;4;1;3;2;1;1
MRE;M;Bac+5;['Bayyan lya', 'SAAD', 'ADIL'];4;1;3;2;4;4;4;5;1;4;4;1;3;4;3;1;4;4;2;3;1;2;5;3;3;5;5;4;1;5;1;1;5;3;3;4
MRE;M;Bac+5;['Bayyan lya', 'ADIL'];4;1;5;1;4;1;2;4;2;4;2;3;2;4;5;5;3;4;1;5;5;2;2;2;4;4;1;2;2;1;4;5;1;2;2;2
MRE;F;Bac+2;['Diwanati'];5;4;5;4;4;4;2;3;2;3;3;1;3;5;4;5;2;5;4;2;3;3;3;1;2;5;2;3;5;2;3;5;5;4;3;4
MRE;F;Bac+5;['Autre', 'BADR'];3;5;2;3;1;2;4;3;1;4;1;2;4;4;1;4;1;3;1;1;2;2;5;4;3;1;1;3;2;4;4;3;1;2;3;5
MRE;M;Doctorat;['SAMID'];3;5;5;4;2;4;1;2;4;3;5;5;4;5;3;4;5;1;4;4;3;1;3;3;3;2;5;5;5;3;4;3;5;4;3;3
MRE;M;Bac+5;['SAMID'];3;1;5;3;2;2;1;4;4;5;3;1;5;2;4;5;3;4;1;1;4;3;5;5;5;4;1;2;1;4;1;5;1;1;2;2
MRE;F;Bac+2;['SAAD', 'RIAD', 'SMCHI'];3;1;2;5;4;2;2;3;1;4;3;4;1;4;4;3;3;3;2;3;3;5;3;3;2;2;2;3;3;1;5;4;5;1;5;3
MRE;M;Bac+3;['Diwanati', 'ADIL'];2;2;3;1;5;4;5;3;1;2;1;3;4;3;5;4;4;2;4;2;5;1;4;3;4;1;5;4;3;1;5;3;3;3;1;4
MRE;M;Bac+5;['RIAD'];5;1;4;1;3;1;3;5;4;4;1;5;5;4;1;1;2;3;4;5;3;3;5;4;1;2;5;5;2;2;3;1;1;2;2;2
MRE;M;Bac+5;['SMCHI'];5;3;3;3;2;5;3;3;3;3;2;5;5;2;2;1;3;4;3;1;5;4;4;1;5;2;5;4;5;3;3;1;3;5;2;3
MRE;F;Bac+3;['SAAD', 'Bayyan lya', 'Bureau Ordre Digital'];3;5;1;1;4;2;5;3;1;3;1;4;4;2;3;2;2;5;1;3;5;3;3;3;1;5;5;5;2;5;4;2;1;4;1;4
MRE;M;Bac+2;['SAMID', 'BADR', 'Autre'];5;4;2;5;3;5;4;2;2;1;5;5;3;3;1;3;2;4;3;1;3;3;1;2;1;4;2;1;4;1;1;5;3;3;2;1
MRE;F;Bac+3;['ADIL', 'RIAD', 'SAMID'];5;2;3;2;1;5;5;3;3;3;5;2;4;3;2;5;2;4;1;4;3;3;4;5;2;4;1;1;1;1;5;2;2;2;1;1
MRE;F;Bac;['ADIL', 'SAMID', 'Diwanati'];3;1;1;1;1;5;4;4;1;1;2;4;1;3;5;4;3;5;4;2;4;4;5;3;1;4;1;3;2;4;5;5;5;4;5;4
MRE;F;Bac+5;['SMCHI', 'SAMID'];2;1;5;1;3;3;1;3;5;4;3;3;4;5;1;1;3;1;3;2;5;1;1;5;1;2;5;1;1;5;5;1;4;2;2;2
MRE;M;Doctorat;['Bayyan lya', 'SMCHI', 'Bureau Ordre Digital'];2;3;2;3;3;1;1;5;5;3;2;3;5;2;1;4;2;2;1;2;3;5;2;3;4;5;1;3;5;5;3;1;1;3;1;2
MRE;F;Bac;['Bayyan lya'];1;3;5;3;2;5;1;3;5;2;3;1;1;2;1;3;5;5;3;1;5;4;3;3;4;4;5;3;5;1;1;5;4;3;3;3
MRE;F;Bac+3;['Diwanati', 'BADR', 'SAAD'];2;1;1;3;2;2;4;2;4;1;2;1;4;2;4;4;5;4;1;2;1;3;5;5;5;5;3;4;1;1;2;1;3;1;4;1
MRE;F;Bac+2;['SMCHI'];3;4;2;4;2;2;1;4;2;1;5;2;5;4;2;3;2;4;5;5;4;5;1;1;2;4;4;4;5;3;4;5;1;5;4;4
MRE;M;Bac+3;['Autre'];3;5;2;4;4;1;1;1;1;5;4;4;1;3;5;2;1;2;4;4;2;1;5;5;4;4;3;4;4;2;5;1;3;5;5;1
MRE;F;Bac+3;['Bureau Ordre Digital', 'BADR'];5;4;5;3;4;3;4;2;3;3;4;2;2;4;1;1;5;5;4;3;1;3;3;5;4;3;1;4;4;3;5;2;4;5;2;1
MRE;F;Bac;['Autre'];3;2;4;2;1;5;4;1;1;3;5;5;4;2;1;5;5;5;5;3;4;2;4;5;5;3;5;4;4;4;2;5;5;2;2;5
MRE;M;Bac+2;['SAAD', 'ADIL', 'RIAD'];4;3;3;4;4;5;3;4;4;4;2;2;3;2;4;3;2;2;4;4;2;5;2;1;4;2;3;5;5;2;4;3;1;3;1;1
MRE;M;Bac;['RIAD'];1;1;2;5;5;3;4;5;5;4;4;4;2;2;2;3;1;2;3;1;2;3;5;5;5;4;1;1;3;5;3;4;1;5;4;2
MRE;M;Bac+2;['SAAD', 'Diwanati'];5;2;2;1;3;2;1;3;1;3;4;5;2;5;1;1;4;5;3;4;3;3;4;1;5;3;5;2;4;2;5;5;3;1;5;5
MRE;F;Bac+5;['Autre', 'Bureau Ordre Digital'];1;5;3;5;2;1;2;3;1;1;2;1;2;5;2;3;1;4;4;4;3;5;4;1;5;1;1;4;3;2;3;2;4;4;3;5
MRE;M;Bac+5;['Bureau Ordre Digital'];4;4;3;4;1;4;1;4;1;3;5;2;3;5;2;5;2;3;4;1;5;1;3;1;2;4;2;3;2;4;4;5;4;3;4;1
MRE;F;Bac;['Bayyan lya', 'Diwanati'];2;5;4;5;5;5;4;1;3;5;1;1;5;4;1;4;5;3;4;4;4;5;2;5;1;5;5;2;4;1;5;4;1;1;5;3
MRE;M;Bac+3;['BADR', 'RIAD'];4;4;4;3;5;4;2;3;3;1;1;5;4;4;2;3;1;3;5;2;4;3;5;5;5;2;2;5;1;1;1;3;1;5;1;2
MRE;M;Doctorat;['Autre'];4;1;1;5;1;4;3;5;5;4;5;3;1;1;4;4;3;1;3;2;3;1;3;2;5;1;1;1;5;2;4;4;4;5;5;1
MRE;F;Bac+3;['Autre', 'SAMID', 'BADR'];4;4;2;3;3;4;3;5;3;2;4;3;5;5;3;4;4;5;1;5;1;2;1;5;2;2;4;5;3;2;2;4;3;5;2;1
MRE;M;Sans Bac;['Bureau Ordre Digital', 'ADIL'];3;5;5;2;1;4;4;4;1;4;5;5;2;2;2;3;3;5;2;3;3;1;4;3;3;4;3;2;5;2;2;2;4;2;2;2
MRE;F;Bac+5;['BADR', 'ADIL', 'Autre'];5;3;2;5;5;3;1;5;4;1;5;5;1;4;1;3;5;5;2;5;2;1;5;2;4;1;5;2;5;3;5;3;5;1;2;3
MRE;M;Bac+2;['Autre', 'BADR'];3;3;1;5;4;4;2;2;5;4;2;1;3;5;3;4;2;1;3;3;4;1;5;5;1;2;3;1;1;5;4;2;2;4;1;1
MRE;F;Bac+3;['ADIL'];5;4;2;4;4;1;3;2;2;1;3;2;5;2;3;1;1;3;3;1;1;5;4;1;3;3;4;1;2;5;2;4;5;2;5;5
MRE;M;Bac+2;['Bayyan lya', 'SAAD', 'ADIL'];1;4;1;1;4;2;2;5;5;2;1;2;2;3;1;3;2;1;4;5;5;2;1;4;4;2;4;1;2;1;4;3;1;1;3;5
MRE;F;Bac+3;['Diwanati', 'BADR', 'Bayyan lya'];4;3;1;1;2;4;2;5;5;2;3;4;5;5;5;3;3;5;5;4;2;2;4;3;2;3;4;5;5;1;2;3;5;5;2;4
